label	card	claim_review	relation_target	relation_type	relation_assertion	relation_note	relation_locator
Chess	Chess ends in checkmate when the opposing king is attacked and no legal move can remove the threat. The king is never actually captured. A different ending, stalemate, occurs when a player has no legal move but their king is not attacked.	Articles 1.4 and 5.2.1 support the objective, prohibition of king capture and contrasting stalemate condition; no claim that every immobile king is stalemated.	Stalemate	related_to	source_asserted	The laws distinguish checkmate from stalemate through whether the immobile side's king is attacked.	Articles 1.4 and 5.2.1
Go	Go players place stones on grid intersections to surround space. Connected stones share liberties: empty neighboring intersections along the grid lines. When an opponent occupies every liberty, the whole connected string is captured, linking local fights over stones with the larger struggle for territory.	BGA introduction and capture paragraphs support intersections, orthogonal liberties and capture of a connected string; diagonal contact is not treated as connection.	Liberties in Go	related_to	source_asserted	The teaching guide explains Go capture through the shared liberties of connected stones.	Introduction; Capturing stones and counting liberties
Shogi	Shogi is Japanese chess with a distinctive form of piece reuse. Captured pieces become reserves for their captor. Instead of moving a piece already on the board, a player can spend a turn returning a captured piece to play on their own side.	Player's Guide PDF pages 1, 3 and 12 directly support Japanese chess, capture reserves and replacing a board move with a drop; omit its overbroad placement and promotion claims.	Chess	related_to	source_asserted	The guide explicitly compares shogi with European chess and identifies returning captured pieces as a difference.	PDF page 3, Comparisons and Unique features of Shogi
Backgammon	Backgammon combines a race with obstacles. Each player moves fifteen checkers according to dice rolls, aiming to gather them in the home board and remove them. Landing on a lone opposing checker sends it to the bar, where it must re-enter before other checkers move.	USBGF Object, Movement and Hitting sections support fifteen checkers, dice movement, bearing-off objective and priority of bar entry; a hit requires landing on a lone checker.	Bar entry in backgammon	related_to	source_asserted	The rules make re-entry of hit checkers a compulsory interruption of normal checker movement.	Hitting and Entering
Othello	Othello changes the ownership of pieces already on the board. A player places a disc to bracket an uninterrupted line of opposing discs, then flips those discs to their color. The winner has more discs when neither player can make a legal move.	Official outflanking and ending rules support placement, flipping and the final majority; the game need not fill all sixty-four squares.	Forced passing in Othello	related_to	source_asserted	A lack of outflanking moves determines both forced passes and the eventual end of the game.	Rules 2 and 8
Contract bridge	In contract bridge, four players form two partnerships. Bidding establishes a contract specifying a number of tricks and a trump suit, or no trumps. During play, one partner's cards are exposed as dummy, and the declarer chooses cards from both partnership hands.	ACBL Basics, Auction and Play support partnerships, contract denomination and dummy control; bidding numbers count tricks above the initial six, so the card avoids equating the printed bid with total tricks.	Dummy in bridge	related_to	source_asserted	ACBL's play explanation assigns the exposed partnership hand to declarer's decisions after the auction.	Play: declaring side, declarer and dummy
Senet	Senet used a thirty-square board in ancient Egypt. Its imagery became more than decoration: during the New Kingdom, the game's passage through marked hazards was associated with the deceased person's journey toward the afterlife. Surviving game boxes connect recreation with funerary belief.	The Met's Senet and importance sections support thirty squares, New Kingdom association and funerary objects; avoid presenting reconstructed detailed rules as certain.	Twenty Squares	related_to	source_asserted	The museum documents double-sided game boxes carrying senet on one side and Twenty Squares on the other.	Opening paragraph and the two game sections
Twenty Squares	Twenty Squares spread across the ancient Near East and was later imported into Egypt. Surviving boards reveal adaptation rather than simple copying: special squares on Near Eastern examples display rosettes, while Egyptian examples use hieroglyphs. A shared game could acquire a different visual language.	The Met explicitly reports geographic spread, import into Egypt and contrasting markings; no claim that all surviving boards preserve markings or identical rules.	Senet	related_to	source_asserted	The museum describes Egyptian boxes accommodating both games, making their material comparison explicit.	Opening paragraph; Twenty Squares, Why is this game important?
Dick Fosbury	Dick Fosbury's lasting influence came from the high-jump technique bearing his name. He won Olympic gold in 1968, but his legacy extended beyond that result: the Fosbury Flop transformed how the event was approached. Olympedia distinguishes this technical influence from his relatively brief competitive prominence.	Olympedia biography supports 1968 gold, technique and enduring influence; the card does not invent biomechanical details absent from this source.	Q165704	broader_topic	source_asserted	The biography identifies Fosbury's innovation and Olympic result specifically with the high-jump event.	Biographical paragraph and Olympic results
James Naismith	James Naismith devised basketball at Springfield in 1891 to provide an engaging indoor winter activity. Avoiding the rough collisions of outdoor games shaped the design. Elevated peach baskets required players to toss the ball toward a goal rather than charge through it.	Springfield's account supports the winter brief, concern about roughness, elevated baskets and tossing; it does not establish that every modern rule originated unchanged in 1891.	local:authored:000286	related_to	source_asserted	The college's historical account identifies Naismith as basketball's inventor and explains the game's design constraints.	A New Game; The Birth of Basketball
En passant	An en passant capture answers a pawn's two-square first advance. An opposing pawn beside its destination may capture it as though it had moved only one square. The opportunity exists only on the immediately following move; waiting forfeits this particular capture.	FIDE 3.7.3.1–2 supports neighboring same-rank pawns, the two-square advance and immediate-next-move limit; no other capture window is implied.	Chess	facet_of	source_asserted	FIDE defines en passant as a special pawn capture within the chess movement rules.	Articles 3.7.3.1–3.7.3.2
Castling	Castling moves a king and rook in one turn, but permission depends on more than empty squares. Moving the king or the relevant rook permanently loses that castling right. Pieces between them or attacks on the king's starting, crossing or destination square can temporarily prevent it.	FIDE 3.8.2 distinguishes forfeited rights from temporary obstruction; the attacked-square restriction concerns the king's route, not every square the rook crosses.	Chess	facet_of	source_asserted	FIDE explicitly defines castling as a king-and-rook move within the chess movement rules.	Article 3.8.2
Stalemate	Stalemate is a drawn chess position in which the player to move has no legal move and their king is not in check. The distinction from checkmate is crucial: immobilizing the opponent does not win if no attack on the king accompanies that immobilization.	FIDE 5.2.1 supports side-to-move, absence of any legal move, no check and immediate draw; immobility of one piece alone is insufficient.	Chess	facet_of	source_asserted	The laws define stalemate as one of chess's game-ending draw conditions.	Article 5.2.1
Dead position in chess	A dead position ends a chess game because neither player could checkmate through any possible sequence of legal moves. This is stronger than saying that checkmate seems unlikely or cannot be forced: even cooperative play by the opponent would not make mate possible.	FIDE 5.2.2 quantifies over any legal sequence; the cooperative-play explanation unpacks that condition rather than adding a material-count rule.	Stalemate	related_to	editorial	Both end the game as a draw, but stalemate concerns present legal moves while dead position concerns impossibility of future mate.	Articles 5.2.1–5.2.2
Touch-move rule	In over-the-board chess, deliberately touching one of your pieces with the intention of moving it normally commits you to move that piece if a legal move exists. Adjusting a piece after announcing that intention is different. Accidental contact is not treated as deliberate selection.	FIDE 4.2–4.5 support intentional contact, prior adjustment declaration and legal-move qualification; this describes own-piece handling rather than every multi-piece exception.	Chess	facet_of	source_asserted	FIDE's Act of Moving the Pieces regulates how a player's physical selection becomes binding.	Articles 4.2–4.5
Threefold repetition	Under the cited FIDE rules, threefold repetition creates a claimable draw rather than automatically stopping play. A player whose turn it is may claim when the position has just appeared for the third time, or first record an intended move that will produce that recurrence.	FIDE 9.2.1–2 supports both current-position and intended-move claims by the player to move; the contrast with 9.6.1 avoids repeating only fivefold's position-identity lesson.	local:catalog:fivefold-repetition-chess	related_to	source_asserted	The rules distinguish a player's threefold claim from the automatic fivefold repetition draw.	Articles 9.2 and 9.6.1
Underpromotion	A pawn reaching its final rank need not become a queen. Underpromotion chooses a rook, bishop or knight instead. The new piece takes effect immediately, and the available choices do not depend on which pieces were captured earlier in the game.	FIDE 3.7.3.3–5 support all alternatives, immediate effect and independence from captured pieces; no unsupported tactical claim explains why a particular choice wins.	Chess	facet_of	source_asserted	FIDE's pawn-promotion rule explicitly permits the three non-queen choices described here.	Articles 3.7.3.3–3.7.3.5
Liberties in Go	A liberty is an empty intersection directly beside a Go stone along a horizontal or vertical line. Connected stones share their liberties as one string. Surrounding every liberty captures the entire string, so adding a connection can change the survival prospects of several stones at once.	BGA capture section supports orthogonal adjacency and whole-string treatment; the connection consequence follows directly from sharing the resulting string's liberties.	Go	facet_of	source_asserted	The Go guide uses liberties to define when individual stones and connected strings are captured.	Capturing stones and counting liberties
Eyes in Go	An eye is an internal space in a connected Go group. Two genuine, separate eyes can keep a group safe: an opponent cannot fill both in one move, and occupying the first would be self-capture rather than capturing the surrounding stones.	BGA Life and death and self-capture examples support two-eye safety; genuine eyes prevents confusing superficial holes with the protected spaces in the rule explanation.	Liberties in Go	related_to	source_asserted	The guide explains eye-based survival through internal liberties and the prohibition on noncapturing self-capture.	Self-capture examples; Life and death and the concept of eyes
Ko rule	A ko capture can create an opportunity for immediate recapture that would restore the previous position. The basic ko rule forbids that immediate reply. The player must first play elsewhere, giving the opponent an opportunity to respond or end the local cycle.	BGA ko diagrams and explanatory paragraph support immediate-recapture restriction and intervening play; this does not claim that a single intervening move overrides every superko rule.	Situational superko	related_to	editorial	Immediate ko and situational superko both limit repetition, but the latter also addresses longer cycles such as triple ko.	BGA How to Play, The ko rule; BGA Default Rules, Triple Ko
Seki	Seki is mutual survival in Go without each group having two independent eyes. Neighboring groups share a shortage of liberties, and either player's attempt to capture can allow the opponent to capture first. Leaving the position alone therefore preserves both sides' stones.	BGA's seki examples support mutual stand-off and shortage of liberties; no universal territory-scoring rule is added because rulesets differ.	Eyes in Go	related_to	source_asserted	The guide introduces seki as an exception to the simple expectation that a group lacking two eyes will die.	Seki: a kind of local stalemate
Komi	Komi compensates the player using White stones for Black's first move in Go. It adds points to White's final score rather than adding stones to the board. The British Go Association's cited default uses seven-and-a-half points; other rules or agreements can use different values.	BGA Default Rules gives 7½ and contrasts traditional Japanese values; How to Play explains compensation rather than placement of stones.	Go	facet_of	source_asserted	The tournament rules identify komi as a score adjustment within Go, separately from handicap-stone placement.	Default Rules, Komi; How to Play, Komi
Situational superko	Under the British Go Association's AGA-style rule, a player cannot make a play that recreates a board position previously created by that player. This reaches beyond immediate ko recapture, preventing longer repeating cycles such as triple ko from continuing indefinitely.	The precise BGA same-player formulation and triple-ko motivation are retained; this is not asserted to describe every international superko variant.	Ko rule	related_to	source_asserted	BGA describes its superko restriction as preventing triple ko and other repeated positions beyond the basic local cycle.	Default Rules, Triple Ko
Area and territory scoring in Go	Territory scoring counts enclosed empty points and captured stones; area scoring counts enclosed points and stones still occupying the board. That difference changes whether filling your own territory costs a point. AGA rules use pass stones to permit territory-style counting within an area-scoring framework.	BGA comparison explicitly supports both definitions, defensive-fill consequence and pass-stone accommodation; the card avoids claiming universal exact equality of final counts.	Go	facet_of	source_asserted	The comparison identifies these as alternative Go scoring systems and explains their practical counting differences.	Scoring; Does it cost me a point to make a defensive move inside my territory?
Doubling cube	Backgammon's doubling cube lets a player offer to raise the game's value before rolling. The opponent can decline and concede at the old value, or accept. Acceptance transfers ownership of the cube, so only that player may offer the next redouble.	USBGF Doubling supports timing, decline cost and ownership transfer; describe points rather than instructing anyone to gamble or implying tournament exceptions do not exist.	Backgammon	facet_of	source_asserted	The federation presents the cube as the game's mechanism for offering and accepting increased stakes.	Doubling
Gammon	A backgammon loser who has not removed any checkers suffers a gammon, worth twice the doubling cube's value under standard scoring. If that loser also has a checker on the bar or in the winner's home board, the loss is instead a triple-value backgammon.	USBGF Gammons and Backgammons supports the two scoring conditions; standard scoring qualification leaves room for the separately selected optional Jacoby rule.	Jacoby rule	related_to	source_asserted	USBGF explicitly describes Jacoby as an optional rule changing when gammon and backgammon multipliers count.	Gammons and Backgammons; Optional Rules
Bearing off in backgammon	Bearing off removes checkers from a backgammon board, but only after all your active checkers reach your home board. A roll normally removes a checker from its matching point. An oversized roll can remove the highest remaining checker when no checker occupies a higher point.	USBGF Bearing Off supplies prerequisites and oversized-roll rule; wording avoids requiring removal when another legal move is possible.	Backgammon	facet_of	source_asserted	Bearing off is explicitly the final removal process that completes backgammon's race.	Object of the Game; Bearing Off
Bar entry in backgammon	A lone backgammon checker hit by an opponent goes to the bar. Its owner must bring barred checkers back into the opponent's home board before moving other pieces. If the dice offer no open entry point, the player's turn is lost.	USBGF Hitting and Entering supports hit, priority and failed entry; the chosen example concerns no available entry, not partial entry with several checkers.	Backgammon	facet_of	source_asserted	The rules make bar entry a compulsory recovery step after a checker is hit.	Hitting and Entering
Jacoby rule	The Jacoby rule is an optional backgammon scoring convention: a gammon or backgammon counts only as a single game unless a double has been offered. It removes the extra payoff for avoiding the cube merely to pursue a multiple-value win.	USBGF Optional Rules explicitly labels Jacoby optional and states its incentive; do not apply it automatically to all match formats.	Doubling cube	related_to	source_asserted	The source explains Jacoby's purpose through whether players use the doubling cube during the game.	Optional Rules: The Jacoby Rule
Forced passing in Othello	Passing in Othello is compulsory when you cannot legally outflank an opposing disc, but forbidden when a legal move is available. Your opponent may therefore move twice in succession. If neither player can move, the game ends even when some squares remain empty.	World Othello rules 2 and 8 support mandatory pass, prohibition of voluntary pass and early ending; no claim that every pass immediately ends play.	Othello	facet_of	source_asserted	The official game rules define passing entirely through legal outflanking moves.	Rules 2 and 8
Perpetual check in shogi	Repeated checking is not a safe route to a draw in shogi. Under the Japan Shogi Association's cited explanation, if continuous checks produce the same position four times, the player giving those checks loses. Ordinary repetition without continuous checking is treated differently.	The official Japanese FAQ supports the fourth-occurrence loss and distinguishes ordinary repetition; the broad Shogi card instead explains piece reuse.	Shogi	facet_of	source_asserted	The Japan Shogi Association identifies this as shogi's special treatment of repetition by continuous check.	FAQ: 連続王手の千日手というのは反則なのですか
Shogi impasse	Shogi's professional impasse procedure addresses positions with both kings advanced, no realistic mate and no further captures. Material is counted: rooks and bishops are worth five points, other nonking pieces one. If both players reach twenty-four points, the cited procedure requires a draw and replay.	Japanese FAQ supports advanced kings, no mating prospect, no further captures, material values and twenty-four-point threshold; explicitly limited to its professional procedure, not every amateur or declaration rule.	Shogi	facet_of	source_asserted	The official FAQ describes material-count adjudication as a shogi procedure and distinguishes professional from amateur variants.	FAQ: 持将棋の規定はどうなっていますか
Duplicate bridge	Duplicate bridge compares results from players holding the same deal of cards. A weak hand is therefore judged against what others achieved with that weak hand, rather than against opponents lucky enough to receive stronger cards. The format reduces the influence of the deal's initial luck.	ACBL Duplicate Bridge supports identical deals and comparison against the field; reduces rather than eliminates chance, without claiming every duplicate scoring system is identical.	Contract bridge	facet_of	source_asserted	ACBL presents duplicate as a bridge format in which the same deals are played at multiple tables.	Duplicate Bridge
Vulnerability in bridge	Vulnerability changes bridge's rewards and risks: successful contracts can earn higher bonuses, while failed contracts can incur greater penalties. In duplicate bridge, the board determines which partnership is vulnerable. This differs from rubber bridge, where winning a game changes a partnership's vulnerability.	ACBL vulnerability definition supports premiums, undertrick penalties and the two different assignment methods; does not conflate vulnerable status with the strength of a hand.	Duplicate bridge	facet_of	source_asserted	ACBL specifically explains how duplicate boards assign vulnerability independently of rubber-bridge game wins.	Scoring: Vulnerability
Dummy in bridge	After contract bridge's opening lead, the declarer's partner lays their hand face up as dummy. The declarer chooses which cards to play from both partnership hands. This creates a distinctive information pattern: defenders can see one opposing hand, but not the declarer's concealed cards.	ACBL Play supports timing, exposed dummy and declarer's control; the information consequence is directly entailed, without claiming defenders see each other's hands.	Contract bridge	facet_of	source_asserted	The play instructions define dummy as a specific role within the declaring partnership.	Play: declaring side
Offside in association football	Being in an offside position is not itself an offence. Under the cited football law, punishment depends on becoming involved in active play after a teammate plays the ball. Receiving it directly from a goal kick, throw-in or corner kick creates no offside offence.	IFAB Law 11 separates position and active involvement and lists three direct-receipt exceptions; card deliberately avoids exhaustive positional geometry and goalkeeper-contact timing nuances.	Q2736	facet_of	source_asserted	IFAB identifies offside as Law 11 within association football's Laws of the Game.	Law 11.1–11.3
Curveball aerodynamics	A spinning baseball can experience a sideways aerodynamic force that bends its path. NASA's simplified curveball model links the curvature to spin, speed and air density. It treats the path as a circular arc when drag and the resulting changes in the force are neglected.	NASA Aerodynamic Force gives the spinning-ball force and explicitly states the approximation; retain model qualification rather than declaring every real pitch a circular arc.	Q8424	application_of	source_asserted	NASA explicitly explains the curveball through aerodynamic force acting on a spinning baseball.	Aerodynamic Force and trajectory equation
Altitude effects on baseball pitches	A curveball's behavior depends partly on the air around it. In NASA's simplified model, lower air density weakens the aerodynamic deflection of a spinning pitch, all else equal. High-altitude conditions can therefore make a curveball travel along a straighter path.	NASA's equation discussion directly links lower density with larger curvature radius; all-else-equal and simplified-model language avoid unsupported prediction of every pitch or game statistic.	Curveball aerodynamics	facet_of	source_asserted	The source derives the altitude effect as a particular prediction of its curveball trajectory model.	Predictions from the curvature equation
Knuckleball aerodynamics	A baseball's seams make its surface aerodynamically uneven. As their orientation changes during flight, the effective location and direction of aerodynamic forces can vary. NASA connects these unsteady forces with the knuckleball's erratic motion, rather than explaining it solely through a steady spin-generated curve.	NASA Forces on a Baseball, Lift, supports seam-dependent pressure changes and erratic motion; contrast with its separate simplified curveball model is labeled editorial in the relationship.	Curveball aerodynamics	related_to	editorial	Contrasting seam-sensitive, time-varying forces with a regular spinning-ball model separates two different explanations of curved baseball flight.	Forces on a Baseball, Lift; Curveball Trajectory, Aerodynamic Force
Topspin	Topspin helps a tennis ball dip into the court after clearing the net, allowing a faster shot to remain in play. Producing it depends on the racket's upward motion relative to the incoming ball, its tilt, and the ball's existing motion and spin.	Cross's Ball Spin discussion supports dipping trajectory and multiple determinants; this is a tennis example of the registered generic topspin identity, not a novel application ID.	Q847	related_to	source_asserted	Cross explicitly explains topspin production and its effect on shot trajectories in tennis.	6 Ball Spin
Tennis racket sweet spot	A tennis racket's sweet spot is associated with reduced vibration reaching the hand. It does not necessarily coincide with the point of fastest ball rebound or zero total force on the hand. Rotation, translation and vibration contribute separately to what the player feels.	Cross's Sweet spot section explicitly rejects both common identifications and lists three handle motions; do not equate the vibration node with an invariant center of percussion.	Center of percussion in a tennis racket	related_to	source_asserted	The source directly compares a vibration-node sweet spot with the separate center-of-percussion concept.	1 Sweet spot; 3 Centre of percussion
Center of percussion in a tennis racket	An impact makes a tennis racket both recoil and rotate. At a particular supporting point, those motions can cancel. The corresponding impact location is its center of percussion. Adding the hand's mass shifts this relationship, so a freely suspended racket does not reproduce every playing condition.	Cross's Centre of percussion section defines conjugate supporting and impact points and the hand-mass shift; this is not a universal fixed spot on every racket.	Tennis racket sweet spot	related_to	source_asserted	Cross distinguishes cancellation of recoil and rotation from the separate vibration-node explanation of the sweet spot.	1 Sweet spot; 3 Centre of percussion
Tennis racket dead spot	A ball dropped onto a suitably supported racket can stop almost dead after striking a particular location. Cross explains this through matching effective masses: the ball transfers its energy to the racket instead of rebounding strongly. The same location behaves differently when the racket is moving.	Cross's Dead spot experiment supplies the support condition, effective-mass explanation and moving-racket contrast; avoid presenting this as an invariant no-rebound point in all strokes.	Tennis racket sweet spot	related_to	editorial	Low rebound at a dead spot and reduced handle vibration at a sweet spot answer different questions about an impact.	1 Sweet spot; 4 Dead spot
Drafting in cycling	A cyclist riding in another rider's wake can encounter less aerodynamic resistance and use less energy to maintain speed. The leading rider can also gain a smaller benefit. Road-racing groups exploit this shared airflow, although position and spacing affect how much shelter each rider receives.	Exploratorium explains follower and leader advantages and spacing dependence; avoid exporting its numerical savings to all speeds, terrains or formations.	Q8424	application_of	source_asserted	The museum's Aerodynamics and Drafting explanation explicitly applies wake airflow to road cycling.	Drafting
Sweeping in curling	Curling sweepers influence a moving stone by working on the ice ahead of it. Pressure, brush angle and technique can affect how far it travels and how its path bends. World Curling's account emphasizes experimentation and acknowledges disagreement about the effectiveness of some techniques.	World Curling's 2024 report supports distance, directional influence and uncertainty over knifing; it is a historical explanatory account, not a claim that all described techniques remain competition-legal in 2026.	Q136851	facet_of	source_asserted	The governing body's report describes sweeping as a technique within curling that changes the stone's travel through surface work.	Sweeping techniques; Single sweeper
Rhythmic augmentation	Rhythmic augmentation stretches a musical idea in time while preserving its relative durations. A motive in quarter notes might return in half notes, with every value doubled. This differs from simply adding notes at the end: the existing pattern itself occupies more time.	Puget Sound 11.2.3 defines usual proportional doubling; the contrast with extension is supported by 11.2.6. Preserve the registered rhythmic-augmentation control.	Musical diminution	related_to	source_asserted	The text explicitly presents diminution as the opposite temporal transformation to augmentation.	11.2.3 Augmentation and Diminution
Musical diminution	Musical diminution shortens the rhythmic values of a motive or phrase, commonly by halving every duration. The pitch sequence can remain recognizable while the idea unfolds faster. Some uses of the term are less exact, referring more generally to a passage rewritten with shorter note values.	Section 11.2.3 supports both exact halving and the broader usage; commonly prevents treating halving as an exceptionless definition.	Rhythmic augmentation	related_to	source_asserted	The textbook defines diminution in direct contrast with augmentation's usual doubling of durations.	11.2.3 Augmentation and Diminution
Melodic retrograde	A melodic retrograde presents notes in the reverse order. It differs from melodic inversion, which reverses the direction of intervals rather than the sequence itself. Reading a tune backward and turning its upward leaps into downward leaps are therefore two distinct ways to transform musical material.	Sections 11.2.7 and 11.2.1 support order reversal versus interval-direction reversal; no claim that retrograde necessarily reverses every performance parameter.	Melodic inversion	related_to	editorial	Comparing the two definitions separates reversal of event order from reversal of melodic direction.	11.2.1 Inversion; 11.2.7 Retrograde
Melodic inversion	Melodic inversion turns an idea's interval directions upside down. A rising movement becomes a falling one. Real inversion preserves the precise sizes and qualities of intervals, while tonal inversion adjusts them to fit the scale or key, allowing the transformed melody to remain within its tonal setting.	Section 11.2.1 explicitly distinguishes real and tonal inversion; the tonal-setting consequence restates its scale/key qualification rather than claiming every interval is unchanged.	Melodic retrograde	related_to	editorial	Inversion changes interval direction; retrograde changes note order, so their labels should not be treated as aliases.	11.2.1 Inversion; 11.2.7 Retrograde
Appoggiatura	An appoggiatura is a non-chord tone approached by a leap and left by a step. It is usually accented, placing the dissonance on a strong moment before resolution. The resolving step can go upward or downward; the expressive effect does not require one fixed direction.	Puget Sound 10.4 supports leap approach, step departure, usual accent and either resolution direction; maintain its analytical sense rather than every historical ornamental use of the term.	Suspension in tonal music	related_to	editorial	Both can create accented non-chord tension, but an appoggiatura arrives by leap whereas a suspension is prepared by the same note.	10.4 Appoggiatura; 10.9 Suspension
Pedal point	A pedal point holds one note while surrounding harmonies change. It begins as a chord tone but can become a non-chord tone against later chords. Often heard in the bass, it can also appear higher up, creating continuity while its harmonic meaning shifts.	Puget Sound 10.8 supports changing harmonic status, frequent bass placement and upper-voice pedals; the card does not restrict the device to a literal organ pedal.	Suspension in tonal music	related_to	editorial	Both can sustain a note across a harmonic change, but the pedal persists across harmonies while a suspension has a prepared stepwise resolution.	10.8 Pedal Point; 10.9 Suspension
Suspension in tonal music	A suspension carries a prepared note into a moment where it becomes an accented non-chord tone, then resolves downward by step. Its three stages are preparation, suspension and resolution. Labels such as 4–3 describe the changing interval above the bass rather than the note's absolute pitch.	Section 10.9 supports preparation, accent, downward step and numbered intervals; bass suspensions have a special reference voice, so the card uses the ordinary 4–3 example.	Appoggiatura	related_to	editorial	A suspension is approached by the same note, whereas an appoggiatura is approached by leap; their accented tension does not make them identical.	10.9 Suspension; 10.4 Appoggiatura
Cadential six-four chord	A cadential six-four contains the notes of a tonic triad with its fifth in the bass, yet commonly functions as part of a dominant arrival. Before the following dominant chord, its pitch content and its harmonic role therefore point in different analytical directions.	Puget Sound 16.3 explicitly identifies I6/4 preceding V and its dominant function; commonly avoids asserting that every second-inversion tonic is a cadential six-four.	Q184421	facet_of	editorial	This sonority illustrates how harmonic function can differ from a chord's apparent tonic pitch content.	16.3 The Cadential Six-Four Chord
Additive minimalism	Additive minimalism develops music by expanding repeated material in small steps. In Glass's examples, repetitions may be added or chords given extra subdivisions. The listener can follow a process of gradual growth rather than waiting for an entirely new theme to replace the existing pattern.	Section 35.1 supplies Two Pages, Music in Fifths and lengthened chords in Einstein on the Beach; this describes the demonstrated processes rather than all minimalist composition.	Two Pages	related_to	source_asserted	The textbook uses Glass's Two Pages as an explicit example of additive process combined with subtraction within repetitions.	35.1 Additive Minimalism, opening example
Musical phase shifting	Phase shifting changes the alignment of repeated musical patterns. One part can retain its timing while another gradually runs ahead, or a performer can jump directly to the next rotation. Reich's Piano Phase and Clapping Music demonstrate these different ways of reorganizing the same recurring material.	Section 35.2 explicitly contrasts gradual speeding in Piano Phase with discrete rotations in Clapping Music; no claim that both works require continuous tempo drift.	Piano Phase	related_to	source_asserted	The textbook explicitly identifies Piano Phase as a live-performance application of Reich's phase-shifting process.	35.2 Phase Shifting
Tonal answer in fugue	A fugue's answer is a subject entry associated with the dominant key. In a tonal answer, some intervals are changed to accommodate the movement between tonic and dominant. A real answer instead preserves the intervals, making tonal function and literal transposition different possible priorities.	Fugue Analysis defines answer, tonal modification and real preservation; associated with dominant leaves room for an answer beginning in tonic before moving there.	Q181014	facet_of	source_asserted	The answer is explicitly defined as a structural element of a fugue's subject-entry process.	30.8 answer definition
Countersubject	A countersubject is recurring counterpoint that accompanies a fugue's subject. Its identity matters: the composer brings back recognizable accompanying material when the subject returns, rather than inventing completely different counterpoint each time. The same countersubject can appear in different voices as the texture changes.	Fugue Analysis defines consistent accompaniment and identifies one countersubject in alto and soprano; no requirement that every fugue have one is imposed.	Q181014	facet_of	source_asserted	The source defines countersubject specifically within its fugue analysis and contrasts it with nonrecurring accompaniment.	30.8 countersubject definition and BWV 847 example
Pitch (music)	Pitch is a sound's perceived highness or lowness. On a piano, moving right produces higher notes. For periodic musical tones, doubling the vibration frequency raises pitch by an octave, showing why musical intervals depend on frequency ratios rather than equal additions of hertz.	Puget Sound 1.1 supports keyboard direction; UNSW's pitch discussion supplies periodic-tone frequency and octave ratio. Keep this auditory meaning separate from material pitch.	Q1103750	related_to	editorial	Perceived pitch is the dimension being compared; concert pitch is a reference used to coordinate performers' tuning, not a synonym for that dimension.	Puget Sound 1.1; UNSW FAQ, Pitch, frequency, harmonics and missing fundamental
Inharmonicity of musical strings	Real instrument strings are not perfectly flexible. Their bending stiffness shifts higher vibration modes farther from exact whole-number multiples of the fundamental. This inharmonicity is especially relevant to plucked or struck strings; periodic bowing can instead draw the vibration into a harmonic pattern.	UNSW harmonics discussion supports stiffness and stronger high-mode shifts, with the bowed versus plucked/struck qualification; not every real string is claimed equally inharmonic.	Mode locking in bowed strings	related_to	source_asserted	The article explicitly contrasts inharmonic string resonances with harmonic motion enforced by bow-driven mode locking.	Real-string stiffness; stick-slip and mode-locking paragraphs
Mode locking in bowed strings	A bow alternately sticks to and slips against a string, sustaining a nearly periodic motion. That nonlinear drive can pull the string's slightly mismatched resonances into harmonic frequency ratios. The resulting steady note can therefore be more harmonically regular than the freely vibrating string's natural modes.	UNSW explicitly attributes harmonic locking to periodic stick-slip drive; can and steady note preserve its operating-condition qualification.	Inharmonicity of musical strings	related_to	source_asserted	The source explains mode locking as the reason bowed motion can be harmonic despite slightly inharmonic natural resonances.	Stick-slip and mode-locking paragraphs
String harmonic	Lightly touching a string at a suitable point suppresses vibrations incompatible with a node there, bringing out a higher mode. Natural harmonics use an open string. Artificial harmonics combine stopping the string with a second light touch, giving the player access to different starting pitches.	UNSW Strings explains touch-created nodes and open versus stopped strings; the second touch is not pressed firmly against the fingerboard.	Q8355	application_of	editorial	The cited violin touch-fourth example makes string-harmonic production a concrete performance technique for a bowed string instrument.	Strings, Harmonics and modes; Harmonics in music
Sympathetic resonance	An untouched guitar string can vibrate when another string is plucked. Harmonic components pass through the bridge and excite a compatible resonance in the second string. The apparent response at a distance therefore involves transferred mechanical energy and matched frequencies, not a second deliberate pluck.	UNSW's guitar exercise explicitly links the low E string, bridge and B or high E strings; compatible resonance avoids asserting every string responds equally to every note.	String harmonic	related_to	editorial	Shared harmonic frequencies help explain which unplayed strings respond, connecting resonance transfer with the harmonic modes used by performers.	Strings, guitar exercise before Harmonic tuning; Harmonics in music
Clapping Music	In Steve Reich's Clapping Music, rhythmic alignment changes through discrete rotations of a repeated pattern. One performer maintains the original pattern while the other moves to the next alignment on a measure's downbeat. Unlike Piano Phase, the transition does not require gradually speeding up.	Puget Sound 35.2 directly names the work and discrete-rotation contrast; do not describe its shifting as continuous tape-style drift.	Musical phase shifting	application_of	source_asserted	The textbook identifies Clapping Music as a live-performance phase-shifting example using discrete rotations.	35.2 rotation comparison
Piano Phase	Steve Reich's Piano Phase makes a repeating twelve-note pattern change through alignment rather than replacement. A second pianist gradually increases speed relative to the other part, causing the patterns to slip out of phase. The process lets different combinations emerge from recurring material.	Section 35.2 supports the twelve-note pattern and second pianist's gradual speed change; emergent combinations follow from changing alignment, without an unsupported claim about exact complete formal design.	Musical phase shifting	application_of	source_asserted	The source explicitly presents the work as Reich's application of phase shifting to live pianists.	35.2 Piano Phase example and rotation comparison
Two Pages	In Philip Glass's Two Pages, growth comes from adding repetitions, but successive copies lose their final notes. A motive can therefore be extended while the newly added units become shorter. The piece demonstrates how repetition and subtraction can work together within an additive process.	The textbook's opening analysis states that each added repetition subtracts the previous repetition's final note; it labels the displayed notation a transcription, not the published score.	Additive minimalism	application_of	source_asserted	The textbook names Two Pages as its opening example of Glass's additive process.	35.1 opening example
Einstein on the Beach	The Train scene in Philip Glass's Einstein on the Beach provides a concrete example of additive process. A five-chord progression gradually lengthens as each chord receives more subdivisions. Musical change comes from stretching the allotted duration of recurring harmonies rather than continuously introducing new chords.	Puget Sound 35.1 describes the named scene, five chords and added subdivisions; the claim is limited to that example, not the entire opera.	Additive minimalism	application_of	source_asserted	The source explicitly recommends the Train scene as an example of additive growth in chord duration.	35.1 Act 1, Scene 1, Train
Bach's Fugue in C minor, BWV 847	Bach's C-minor fugue from the first Well-Tempered Clavier offers a compact lesson in contrapuntal development. Its opening exposition introduces the subject in every voice. Episodes then work with smaller fragments of subjects and countersubjects, allowing recognizable material to generate passages without a complete subject statement.	The detailed analysis identifies first exposition, all-voice entries and fragmented material in episodes; no unsupported numerical count of voices or episodes is added.	Q181014	broader_topic	source_asserted	The source explicitly analyzes BWV 847 as a fugue with expositions and episodes.	30.8 first exposition and first episode
Bach's Invention in C major, BWV 772	Bach's C-major Invention shows how a short idea can sustain development. The opening notes return with their melodic direction inverted, and fragments also appear in rhythmic augmentation. These transformations preserve recognizable material while changing its contour or the amount of time it occupies.	Section 11.2 identifies the first seven notes inverted later and an augmented fragment; the wording does not claim every occurrence transforms the whole theme.	Melodic inversion	application_of	source_asserted	The textbook explicitly labels the invention's returning opening notes as melodic inversion.	11.2.1 Bach example; 11.2.3 augmentation example
Adagio for Strings	Samuel Barber's Adagio for Strings supplies a textbook example of a 4–3 suspension. A prepared note remains while the harmony changes, creating a dissonant fourth above the bass before stepping down to a third. The delayed resolution makes harmony unfold through the movement of individual voices.	The suspension chapter explicitly labels its Barber example 4–3; general preparation and stepwise resolution come from the same section. No unsupported emotional or biographical claim is added.	Suspension in tonal music	application_of	source_asserted	The named score example is explicitly introduced as a 4–3 suspension.	10.9 definition and Figure 10.9.3
Neapolitan chord	The Neapolitan chord is a major chord built on the lowered second scale degree. In classical tonal analysis it commonly appears in first inversion and serves a predominant function. Its distinctive chromatic color therefore has a directional role, helping prepare the approach to dominant harmony.	Section 20.1 names flat II, most-common first inversion and predominant function; major quality follows the uppercase chord notation, not a claim that every flat-II sonority has this function.	Cadential six-four chord	related_to	editorial	The Neapolitan's predominant role contrasts with the cadential six-four's dominant role, despite both often occurring near a cadence.	20.1 Neapolitan definition; 16.3 Cadential Six-Four Chord
Augmented sixth chord	An augmented sixth chord places two voices a semitone on either side of the dominant scale degree. The raised fourth moves upward while the lowered sixth moves downward toward that goal. This converging chromatic motion explains the chord family's predominant role in the cited tonal framework.	Puget Sound 21.1 gives raised fourth, lowered sixth and simultaneous approach to five; the paragraph describes scale-degree tendencies, not an unrestricted claim about every voicing or historical style.	Neapolitan chord	related_to	editorial	Both are chromatic predominant devices, but their pitch construction differs: converging semitones versus a lowered-supertonic major triad.	21.1 Augmented Sixth Chords; 20.1 The Neapolitan Chord
Species counterpoint	Species counterpoint organizes practice in combining melodies through controlled rhythmic relationships. A learner might write one, two, three or four notes against a longer note in another voice. The constraints isolate different problems of coordination before more freely varied contrapuntal textures are attempted.	Puget Sound 30.1 supports the rhythmic species and educational framing; the final sentence is a modest explanation of the controlled-practice structure, not a claimed universal learning outcome.	Counterpoint	facet_of	source_asserted	The textbook explicitly presents species counterpoint as a method for learning contrapuntal composition.	30.1 Species Counterpoint
Counterpoint	Counterpoint combines two or more melodic lines sounding at the same time. A listener can follow their separate motion while also hearing the resulting texture. This differs from organizing the music principally as one foreground melody with accompaniment, a contrast the textbook calls contrapuntal versus homophonic.	Puget Sound 30.1 supplies simultaneous melodic lines and the texture contrast; independent motion is not taken to mean harmonic unrelatedness.	Species counterpoint	related_to	source_asserted	The same section identifies species as a structured approach to composing counterpoint.	30.1 Species Counterpoint
Missing fundamental	A small loudspeaker may reproduce a bass note's upper harmonics while barely producing its lowest frequency. Listeners can nevertheless hear the corresponding low pitch. For periodic tones, the spacing between surviving harmonics supplies information about the absent fundamental, so perceived pitch need not match the lowest audible component.	UNSW FAQ explains periodic-tone pitch from harmonic spacing and the bass-speaker example; it does not claim that arbitrary inharmonic sounds imply a unique missing fundamental.	Pitch (music)	related_to	source_asserted	The source uses the missing fundamental to distinguish perceived pitch from the presence of a lowest-frequency component.	FAQ, Pitch, frequency, harmonics and missing fundamental
Stretch tuning	Piano octaves are often tuned slightly wider than a strict two-to-one frequency ratio. Stiff strings have upper partials sharper than ideal harmonics. Matching the upper note to a lower string's second partial can reduce audible beating, making a mathematically exact octave a poor practical match.	UNSW FAQ gives stretched second partials and beat-eliminating tuning; often and can avoid prescribing one exact stretch for every piano or register.	Inharmonicity of musical strings	application_of	source_asserted	The FAQ explicitly explains stretched tuning as a response to stiffness-induced inharmonicity in struck piano strings.	FAQ, What is stretch tuning?
Tartini tone	Two notes can give rise to an additional difference tone at the difference between their frequencies. Called a Tartini tone in music, it can result from nonlinear interactions in an instrument or the hearing system. The extra perceived pitch need not be one of the two notes originally played.	UNSW discusses difference-frequency combination tones and multiple possible nonlinear sources; can avoids attributing every case to one anatomical or instrumental mechanism.	Sympathetic resonance	related_to	editorial	A difference tone involves nonlinear frequency combination, whereas sympathetic resonance transfers energy into a compatible existing resonance; the comparison distinguishes two additional-sound phenomena.	FAQ, Heterodyne and combination tones; Strings, guitar sympathetic-vibration exercise
Just intonation	Just intonation favors intervals described by simple frequency ratios. Yet pure fifths and pure thirds do not fit every chain of notes identically: repeated three-to-two fifths can conflict with a pure third. Fixed-pitch instruments must therefore confront compromises that adjustable voices or strings can handle differently.	UNSW temperament discussion supplies the chain-of-fifths mismatch and fixed versus adjustable instrument distinction; no claim that one tuning is universally best.	Meantone temperament	related_to	source_asserted	The FAQ directly contrasts just intonation with meantone's compromise between thirds and fifths.	FAQ, What is all the fuss about temperament?
Meantone temperament	Meantone temperament narrows fifths to improve the tuning of major thirds. The discrepancy is distributed across a chain of fifths rather than left entirely in the resulting third. This can suit particular keys well, while movement into other keys exposes the compromise's limits.	UNSW's worked example describes thirds improved by narrowing four fifths and worsening problems in other keys; no relation is made to personality temperament Q80157.	Just intonation	related_to	source_asserted	The cited tuning comparison presents meantone as a different way to reconcile pure-interval demands on fixed-pitch instruments.	FAQ, What is all the fuss about temperament?
Wind-instrument end correction	An open pipe behaves acoustically as though it extends slightly beyond its physical opening. The air's motion spreads outward before the pressure reflection develops, increasing the effective vibrating length. A resonance therefore occurs slightly lower than a simple model using only the measured tube length predicts.	UNSW End effects explains delayed reflection and effective length; slightly and simple model preserve the approximation rather than asserting one universal correction distance.	Clarinet overblowing at the twelfth	related_to	editorial	End corrections qualify ideal pipe predictions, including the simplified boundary-condition model used to explain clarinet register spacing.	Open vs Closed Pipes, Standing wave diagrams and End effects
Clarinet overblowing at the twelfth	A simple clarinet model is a cylindrical pipe closed at one end, which supports an odd-harmonic sequence. Its next resonance is therefore near three times the fundamental, a musical twelfth higher. Real clarinets depart from the ideal cylinder, but the model explains their characteristic register jump.	UNSW explicitly compares closed and open pipes and cautions that bore, bell, mouthpiece and end corrections complicate real instruments; no exact all-register harmonic claim.	Q8343	facet_of	source_asserted	The article directly applies the closed-pipe approximation to clarinet register behavior.	Standing wave diagrams; Frequency analysis; real-instrument qualifications
Prepared piano	A prepared piano changes its sound through objects placed beneath or between its strings. John Cage used such physical alterations to expand the instrument's available timbres. The keys remain a familiar interface, while the altered vibrating system produces sounds unlike those of an unprepared grand piano.	John Cage Trust explains objects placed among a grand piano's strings and the resulting transformed instrument; no invented preparation materials or exact acoustic mechanism is specified.	Sonatas and Interludes	related_to	source_asserted	The Trust explicitly connects its prepared-piano samples with materials used for Cage's Sonatas and Interludes.	Prepared piano app description
Glass armonica	Benjamin Franklin's glass armonica uses glass bowls of different sizes mounted on a spinning axle. A player's touch sustains their vibration through friction, much as a damp finger can make a glass rim sing. The instrument turns that small physical effect into a playable arrangement of pitches.	UNSW wineglass explanation names Franklin, rotating bowls and finger-driven stick-slip; no claim about exact construction dimensions or historical priority beyond the source.	Mode locking in bowed strings	related_to	editorial	The source compares rubbing glass with a violin bow's sticking and slipping, providing a factual basis for comparing friction-driven sound production.	FAQ, Why does rubbing a finger around a wine-glass rim make a note?; Harmonics, bow-string stick-slip
4′33″	John Cage's 4′33″ directs attention toward sounds already present around a performance. The John Cage Trust's official app makes this idea concrete by recording ambient sound in three movements. The example shifts attention from supplying a new melody to noticing the listening environment itself.	The Trust's description supports ambient listening and its three-movement app realization; wording does not infer every original score instruction from the app or claim literal absence of sound.	Q638	broader_topic	editorial	The Trust identifies this as Cage's composition; its ambient-sound focus offers a boundary-testing example of musical listening.	4′33″ official app description
Sonatas and Interludes	Cage's Sonatas and Interludes, composed in 1946–48, uses a prepared piano whose strings are altered by inserted materials. The John Cage Trust later supervised samples made with the work's actual preparation materials, linking the composition's identity to a particular physically modified sound source.	The Trust gives dates, work title and supervised sampling using actual preparation materials; no unsupported list of objects or formal analysis of the cycle is added.	Prepared piano	application_of	source_asserted	The official description explicitly identifies the work's piano preparations as the basis for its supervised sampled sounds.	Prepared piano app description
Gradus ad Parnassum	Johann Joseph Fux's Gradus ad Parnassum, published in 1725, teaches contrapuntal composition through species counterpoint. Its historical importance includes organizing melodic combination into constrained rhythmic exercises. Comparing one note against a longer note with several notes against it reveals the organizing idea behind that approach.	Puget Sound names Fux, date and species pedagogy; the explanatory comparison comes from the section's species definitions, not a claim about every exercise in the original book.	Species counterpoint	related_to	source_asserted	The textbook explicitly states that Fux's work teaches composition through species counterpoint.	30.1 opening paragraph
Memory	Memory involves several activities rather than a single recording process. Encoding organizes incoming information, storage retains it, and retrieval brings it back for use. Remembering a fact later therefore depends on more than exposure: the information must have been encoded and remain accessible when needed.	OpenStax 8.1 defines encoding, storage and retrieval; the final consequence follows that sequence without claiming a literal computer-like architecture is complete.	Procedural memory	related_to	source_asserted	The chapter explicitly includes procedural skill memory among the forms of long-term memory.	8.1 opening; Long-Term Memory
Working memory model	Baddeley and Hitch's working-memory model treats temporary mental activity as more than a single storage box. A central executive coordinates specialized systems for verbal and visual-spatial material. The later addition of an episodic buffer illustrates that this is a developing explanatory model, not an immutable anatomical diagram.	OpenStax 8.1 names the executive, subsystems and Baddeley 2000 buffer addition; explicitly a model, without unsupported localization or claims that the buffer belonged to the 1974 formulation.	Memory	broader_topic	source_asserted	The chapter introduces this as an alternative explanatory model of memory's short-term organization.	8.1 Storage
Sensory memory	Sensory memory briefly holds information from sights, sounds and other sensory events. In the Atkinson–Shiffrin model, this fleeting store precedes short-term memory. The distinction explains why a sensory trace can exist momentarily without becoming something retained for later conscious recall.	OpenStax 8.1 Sensory Memory supports brief traces and model placement; preserve the baseline's original description separately rather than silently replacing its wording.	Memory	facet_of	source_asserted	The textbook explicitly describes sensory memory as a stage within a model of memory storage.	8.1 Storage; Sensory Memory
Self-reference effect	The self-reference effect is a relative memory advantage for information connected to oneself. Material considered in personally relevant terms can be remembered better than less self-relevant material. It is studied as an influence on encoding, linking what information means to a person with later remembering.	OpenStax Encoding defines the relative advantage and places it after semantic-processing experiments; can avoids an exceptionless guarantee or an instructional prescription.	Memory	facet_of	source_asserted	The textbook explicitly introduces self-reference as an effect on encoding and subsequent memory.	8.1 Encoding, self-reference paragraph
Procedural memory	Procedural memory is expressed in skilled actions, such as balancing on a bicycle or driving. Practice can improve performance even when a person cannot fully describe the knowledge guiding it. This distinguishes remembering how to do something from consciously reporting facts or past events.	OpenStax Long-Term Memory defines implicit procedural skill and contrasts reportable explicit memories; not every component of driving is claimed unconscious.	Henry Molaison	related_to	editorial	Molaison's preserved improvement despite impaired new declarative memory provides a concrete comparison between performance-based and consciously reportable remembering.	8.1 implicit procedural memory; 8.3 Anterograde Amnesia
Proactive interference	Proactive interference occurs when older learning gets in the way of remembering newer information. After changing phone numbers, you might keep giving the old number automatically. The direction matters: an established memory is obstructing access to its more recently learned replacement.	OpenStax 8.3 defines old-to-new interference and gives the phone-number example; this concerns retrieval competition, not proof that the new memory was erased.	Retroactive interference	related_to	source_asserted	The source explicitly distinguishes the two forms by whether older or newer information interferes.	8.3 Interference
Retroactive interference	Retroactive interference occurs when newer learning makes older information harder to recall. After learning a replacement address, you might struggle to recover the previous one. The direction reverses proactive interference: what was learned later now obstructs access to what was learned earlier.	OpenStax 8.3 defines new-to-old interference and depicts new and old email addresses; harder to recall does not assert permanent erasure.	Proactive interference	related_to	source_asserted	The chapter presents retroactive and proactive interference as opposite directions of interference between old and new learning.	8.3 Interference
Source-monitoring error	A source-monitoring error confuses where remembered information came from. Someone might remember seeing a film accurately but assign that experience to the wrong companion. The mistake concerns the memory's origin or context, showing why recognizing a familiar detail does not guarantee correct attribution.	OpenStax misattribution example supports wrong companion/context. Only registered Q7565103 is used; no second meaning is asserted for Q6875176 and no silent baseline merger occurs.	Misinformation effect	related_to	editorial	Confusing a remembered source differs from incorporating misleading later information, although both can distort reports about an event.	8.3 errors of distortion and The Misinformation Effect
Misinformation effect	Later information can alter how an earlier event is remembered. In Loftus and Palmer's car-crash studies, wording in questions affected speed estimates and later reports of broken glass. The finding shows how post-event suggestions can shape reports, rather than proving that every eyewitness memory is inaccurate.	OpenStax describes both question wording and later glass reports; studies plural avoids treating the different experimental stages as one undifferentiated sample.	Source-monitoring error	related_to	editorial	These are different routes to memory distortion: external post-event suggestion versus confusion over a detail's source.	8.3 The Misinformation Effect; errors of distortion
Henry Molaison	Henry Molaison, known in research as H. M., had severe difficulty forming new declarative memories after brain surgery. Yet he could improve at repeatedly practiced tasks without remembering previous practice. His case separates conscious memory for an episode from learning expressed through better performance.	PubMed abstract of Augustinack et al. directly identifies Henry Molaison as H. M.; OpenStax 8.2 supports surgery and declarative impairment, and 8.3 supports improved performance without recalled practice. Do not claim all old memories remained intact.	Procedural memory	related_to	source_asserted	The textbook explicitly uses H. M. to contrast impaired new episodic/semantic memory with preserved procedural learning.	8.2 Hippocampus; 8.3 Anterograde Amnesia
Absolute sensory threshold	An absolute sensory threshold is usually defined as the stimulus intensity detected on half of repeated presentations under specified conditions. It is therefore a probabilistic measurement, not a magical boundary below which detection never happens. The testing conditions matter when comparing how sensitive different observers appear.	OpenStax 5.1 supplies the fifty-percent criterion and controlled conditions; probabilistic interpretation follows that definition without importing unsupported exact sensitivity estimates.	Signal detection theory	related_to	editorial	A detection percentage alone does not separate available sensory information from a decision criterion; signal detection theory analyzes that distinction.	5.1 absolute threshold; Heeger, Information and Criterion
Just-noticeable difference	A just-noticeable difference measures the change needed to distinguish two stimulus intensities. The same added light can be conspicuous in a dark room yet barely noticeable in bright surroundings. This differs from asking whether any light can be detected at all, the question behind an absolute threshold.	OpenStax 5.1 contrasts difference and absolute thresholds using dark versus bright settings; avoid treating Weber's approximate scaling as universal across every intensity range.	Absolute sensory threshold	related_to	source_asserted	The textbook explicitly distinguishes detecting a stimulus from detecting a difference between stimuli.	5.1 Sensation, absolute and difference thresholds
Sensory adaptation	With prolonged stimulation, a continuing sensory input can become less noticeable even while it remains present. OpenStax describes this as sensory adaptation. The change highlights a gap between continuing stimulation and conscious experience, helping explain why an initially prominent feature of the surroundings can fade from awareness.	OpenStax's perception section explicitly describes reduced notice during continued stimulation; this phenomenological card does not assert a particular receptor mechanism or equate every attention lapse with adaptation.	Inattentional blindness	related_to	editorial	Reduced notice of sustained input differs from missing a visible unexpected event while concentrating on another task.	5.1 sensory adaptation and selective-attention passages
Inattentional blindness	Inattentional blindness is missing a visible event while attention is occupied elsewhere. In the basketball-pass counting demonstration described by OpenStax, many viewers failed to notice an unexpected gorilla-costumed figure. The result concerns divided task demands, not an inability of the eyes to receive the image.	OpenStax 5.1 gives the counting task and unexpected figure; many avoids transferring one condition's numerical rate to every observer or task.	local:catalog:attentional-blink	related_to	editorial	Both concern limits of attention, but this card concerns an unexpected visible event during another task, rather than two targets arriving close together in time.	5.1 selective-attention study; pinned attentional-blink identity distinction
Signal detection theory	Signal detection theory separates available evidence from the criterion used to decide that a signal is present. Lowering the criterion can increase both hits and false alarms; raising it can reduce both. Better sensitivity and a greater willingness to answer yes are therefore different kinds of change.	Heeger's actual Information and Criterion and criterion-shift passages support the distinction and tradeoff. This is a theory of uncertain decisions, not a synonym for detection ability.	Absolute sensory threshold	related_to	editorial	A fifty-percent detection threshold summarizes responses, while signal detection theory distinguishes evidence quality from the criterion behind those responses.	Heeger, Information and Criterion; OpenStax 5.1 absolute threshold
Figure–ground (perception)	Figure–ground organization separates a focal object from its background. In the familiar vase-and-faces image, the same boundary can outline a white vase or two dark faces. Changing which region counts as the figure changes what the image seems to depict.	Section 5.6, figure-ground paragraph and Figure 5.25, support segmentation and the reversible vase/faces example; the card avoids claiming that segmentation must always precede recognition.	Perceptual closure	related_to	editorial	Compare selecting an object against its background with perceptually completing an incomplete object; these are distinct operations illustrated in the same Gestalt discussion.	Section 5.6, figure-ground relationship and closure, Figures 5.25 and 5.29
Perceptual closure	Perceptual closure is the tendency to see a complete object from incomplete visual parts. Broken arcs can look like a circle rather than unrelated segments. The perceived whole therefore contains an organization that is not supplied by a continuous drawn outline.	Section 5.6, closure definition and Figure 5.29, explicitly contrast whole circles and rectangles with fragmented segments; this is a perceptual tendency, not a guarantee for any broken image.	Good continuation	related_to	editorial	Closure fills an incomplete whole, whereas good continuation favors smooth trajectories; comparing their illustrations prevents treating all visual grouping as one mechanism.	Section 5.6, continuity and closure paragraph, Figures 5.28–5.29
Good continuation	Good continuation is a visual grouping tendency: lines that form a smooth path are more likely to be perceived as belonging together than jagged, broken alternatives. It helps explain why an arrangement of separate marks can appear organized into continuous trajectories.	Section 5.6 calls continuity a tendency toward smooth flowing lines; the card keeps probabilistic wording and does not claim a compulsory rule of vision.	Perceptual closure	related_to	editorial	The continuity and closure examples invite comparison between following a smooth path and completing an object from missing pieces, without identifying the two principles.	Section 5.6, law of continuity and principle of closure
Mental set	A mental set is persistence with a problem-solving approach that worked before but is ineffective now. Familiarity can keep a solver repeating the same strategy instead of reconsidering the problem. Functional fixedness is a particular case involving an object's expected use.	Section 7.3 defines persistence with an earlier successful approach and explicitly calls functional fixedness a type of mental set; no claim that all learned routines are harmful.	Functional fixedness	related_to	source_asserted	The source explicitly identifies functional fixedness as a type of mental set, narrowing a habitual strategy to assumptions about object use.	Section 7.3, Pitfalls to Problem Solving, mental set and functional fixedness paragraphs
Functional fixedness	Functional fixedness restricts thinking about an object to its usual purpose. In Duncker's candle problem, seeing a box only as a container can obscure its use as a candle support. Overcoming that restriction requires reconsidering what the available materials can do.	Section 7.3, Duncker problem and Figure 7.10, support the box's alternative use; the prose avoids repeating the source's apparent typo about using fixedness to overcome the problem.	Mental set	broader_topic	source_asserted	The source expressly describes functional fixedness as a kind of mental set: a familiar use constrains the attempted solution.	Section 7.3, Pitfalls to Problem Solving, Duncker example
Anchoring effect	Anchoring occurs when one piece of information receives disproportionate weight in judgment. A house hunter may fixate on an initial spending figure and overlook what that amount actually buys. The focal value narrows consideration even when other relevant information is available.	Section 7.3's housing-budget example supports overfocus on a focal amount; this card does not claim a measured universal numerical adjustment effect from that example alone.	Availability heuristic	related_to	editorial	Compare overreliance on a focal information point with reliance on a readily accessible example; both can narrow consideration, but their selection mechanisms differ.	Section 7.3, anchoring paragraph and availability heuristic paragraph
Confirmation bias	Confirmation bias makes evidence supporting an existing belief easier to notice than evidence challenging it. Someone convinced a teacher is unfriendly may remember curt exchanges while overlooking pleasant ones. The resulting impression can feel well supported because counterexamples received less attention.	Section 7.3's professor example supports selective attention to confirming episodes; retain authored control local:authored:000049 and its prior version, with Q431498 left as a historical equivalence proposal rather than a second meaning.	Availability heuristic	related_to	editorial	Confirmation bias favors evidence fitting a prior belief; the availability heuristic favors accessible examples. This comparison separates two reasons an evidence sample may be selective.	Section 7.3, confirmation bias and availability heuristic paragraphs
Hindsight bias	Hindsight bias is the tendency to see a known outcome as having been predictable beforehand. Learning what happened changes the perspective from which an earlier decision is judged. Confidence after the event can therefore be mistaken for foresight that was never actually demonstrated.	Section 7.3 defines hindsight as retrospective predictability; the temporal contrast is explanatory paraphrase, not a claim that every correct retrospective explanation is biased.	Confirmation bias	related_to	editorial	Hindsight concerns a known outcome's apparent predictability; confirmation concerns selecting support for an existing belief. Their juxtaposition separates retrospective confidence from selective evidence use.	Section 7.3, confirmation and hindsight definitions and Table 7.3
Availability heuristic	The availability heuristic uses readily accessible examples or recent experiences to guide judgment. That shortcut can be misleading when the easiest case to recall is poorly suited to the decision. Accessibility supplies an answer quickly, but does not establish that the example is representative.	Section 7.3 explicitly says the available example may not best inform a decision; representativeness here means suitability of evidence, not the separate representativeness heuristic.	Anchoring effect	related_to	editorial	A readily recalled case and a focal numerical amount can each dominate judgment for different reasons; the comparison does not merge the two biases.	Section 7.3, anchoring and availability definitions
Intrinsic motivation	Intrinsic motivation comes from satisfaction in the activity itself, such as baking because it is enjoyable. External rewards can also motivate the same person. Distinguishing these sources helps explain why turning a favorite activity into paid work can sometimes change its appeal.	Section 10.1's intrinsic/extrinsic distinction and Odessa baking example support mixed motives and a possible change after payment; sometimes preserves the section's later qualifications.	Motivation crowding theory	related_to	source_asserted	The section moves from intrinsic motivation to evidence that external rewards can change it, while distinguishing tangible rewards, praise and expectations.	Section 10.1, intrinsic/extrinsic opening and Odessa/reward discussion
Motivation crowding theory	External rewards can change intrinsic motivation rather than simply adding to it. Expected tangible rewards may weaken interest in an activity, while praise or an unexpected reward can have different effects. The finding depends on the reward and context, so payment does not invariably destroy enjoyment.	Section 10.1 distinguishes expected tangible rewards, praise and surprise; the card retains Q6917879 and does not create a second overjustification identity or universal causal law.	Intrinsic motivation	related_to	source_asserted	The reward discussion directly concerns increases or decreases in intrinsic motivation, making this an interaction with that motive rather than a separate definition of enjoyment.	Section 10.1, qualified external-reward effects
Yerkes–Dodson relationship	The Yerkes–Dodson relationship links arousal and performance while emphasizing task difficulty. A demanding task may be disrupted at an arousal level that suits a simple one. The useful lesson is not that moderate arousal always wins, but that an apparent optimum depends on the task.	Section 10.1 explicitly qualifies the middle-is-best simplification through difficulty; the card states a relationship and qualified example rather than a universal biological law or prescriptive stress target.	Self-efficacy	related_to	editorial	Compare performance's dependence on arousal and task difficulty with motivation's dependence on perceived capability; these are different explanations discussed in the motivation chapter.	Section 10.1, Arousal theory and Self-efficacy and Social Motives
Self-efficacy	Self-efficacy is a person's belief that they can carry out a particular task. In Bandura's account, this belief helps shape the challenges people attempt and their persistence after setbacks. Believing an outcome is valuable differs from believing one has the capability to achieve it.	Section 10.1 defines task-specific capability beliefs and attributes their motivational role to Bandura; the card does not equate confidence with actual skill or guarantee success.	Intrinsic motivation	related_to	editorial	Capability beliefs answer whether one can perform a task, whereas intrinsic motivation concerns satisfaction in doing it; the chapter supports both premises without identifying them.	Section 10.1, intrinsic motivation opening and Self-efficacy and Social Motives
Cognitive dissonance	Cognitive dissonance is discomfort associated with inconsistent beliefs, attitudes or behavior. Someone who smokes while believing smoking is harmful may reduce the conflict by quitting or by discounting the evidence. Resolving the discomfort can therefore involve changing behavior or changing its interpretation.	Section 12.3's definition, smoking example and Figure 12.11 support both routes; the card avoids making the source's restrictive self-image formulation a universal necessary condition.	Confirmation bias	related_to	editorial	Discounting conflicting evidence can be compared with selectively attending to confirming evidence, but discomfort reduction and confirmation bias remain distinct explanatory subjects.	Section 12.3, smoking example; Section 7.3, confirmation bias
Elaboration likelihood model	The elaboration likelihood model distinguishes persuasion through evaluating a message's arguments from persuasion through peripheral cues. A buyer might compare safety evidence or respond to a celebrity endorsement. The model connects these routes with the audience's motivation and effort in processing the message.	Section 12.3, Figure 12.15 and central/peripheral route paragraphs, support argument evaluation, endorsement cues and processing effort; the card identifies a model rather than an exhaustive settled binary for all persuasion.	Foot-in-the-door technique	related_to	editorial	The model concerns how a persuasive message is processed; foot-in-the-door concerns the sequence of requests. Their comparison distinguishes explanatory route from influence procedure.	Section 12.3, Two Routes to Persuasion and Foot-in-the-door Technique
Foot-in-the-door technique	The foot-in-the-door technique begins with a small request before asking for something larger. In Freedman and Fraser's study, people who first accepted a small sign or petition were more likely to accept a large yard sign. This was an experimental tendency, not guaranteed compliance.	Section 12.3 describes the 1966 sign/petition comparison; the final sentence preserves probabilistic scope and avoids presenting a guaranteed method of controlling another person.	Elaboration likelihood model	related_to	editorial	Compare a request-sequencing procedure with a model of message processing. Both concern persuasion, but the cited section does not make one an instance of the other.	Section 12.3, Foot-in-the-door Technique and Two Routes to Persuasion
Asch's conformity experiments	In Asch's line-judgment experiments, participants heard a group give an obviously wrong answer before responding aloud. Many agreed with the group at least once. Dissenting allies and private responding changed conformity, showing that agreement depended partly on the social arrangement of the task.	Section 12.4 supports confederates' wrong answers, public responses and effects of dissent/privacy; many avoids generalizing one percentage to all studies or people.	Normative social influence	related_to	source_asserted	The textbook explicitly interprets conformity in the unambiguous Asch task as fitting in and avoiding ridicule, an instance of normative influence.	Section 12.4, Asch procedure and Why conform? normative influence paragraphs
Normative social influence	Normative social influence draws people toward a group's position because acceptance matters. Someone may publicly give an answer they privately doubt to avoid ridicule or fit in. Agreement in this case need not mean believing the group has better information about the question.	Section 12.4 distinguishes fitting in from information-based conformity and notes public agreement without private acceptance in Asch's setting; the card allows rather than requires private disagreement.	Informational social influence	related_to	source_asserted	The text explicitly contrasts acceptance-seeking with trusting the group's information, identifying two different motivations for conformity.	Section 12.4, normative versus informational influence
Informational social influence	Informational social influence occurs when people treat others' responses as evidence about an uncertain situation. If smoke in a theater might be a special effect, nearby people's reactions can guide interpretation. Conformity here reflects reliance on presumed knowledge, rather than only a wish to belong.	Section 12.4's ambiguous smoke example and competent-group definition support uncertainty-driven reliance; the hypothetical example is not presented as a measured emergency experiment.	Normative social influence	related_to	source_asserted	The textbook directly distinguishes believing the group is informed from seeking its acceptance, while allowing both as motivations for conformity.	Section 12.4, Why conform? and theater-smoke example
Milgram's obedience experiments	Milgram's participants believed they were administering increasingly strong shocks when an experimenter instructed them to continue; the learner actually received none. In the original setting, many continued to the highest level. Changing the setting or bringing the learner closer reduced obedience, limiting any simple universal conclusion.	Section 12.4 describes the deceptive shock setup and lower continuation rates in office/proximity variants; no claim that all participants obeyed or that this settles explanations of historical atrocities.	Asch's conformity experiments	related_to	editorial	Milgram tests responses to an experimenter's commands, whereas Asch tests responses to a group's judgments. The comparison distinguishes authority-directed obedience from peer conformity.	Section 12.4, Asch procedure and Stanley Milgram's Experiment
Psychology	Psychology studies mind and behavior through empirical methods. Mental processes are not directly visible, so researchers draw inferences from behavior, biological indicators and people's reports. A claim about thought becomes scientifically testable by connecting it to observations that could support or challenge an explanation.	Section 1.1 explicitly links indirect mental inference to observable behavior, biological indicators and self-report; the card does not imply that introspection alone proves a mental mechanism.	Construct validity	related_to	editorial	Inferring an unobservable psychological process from a measure creates the construct-validity question: does that measure capture the intended concept? The two inspected sections supply these premises.	Section 1.1, empirical methods; Section 2.3, Reliability and Validity
Inter-rater reliability	Inter-rater reliability concerns agreement between observers evaluating the same event. If two researchers classify a behavior differently, the coding procedure may be inconsistent. Agreement helps establish reproducibility across observers, but by itself does not show that their shared measure captures the intended psychological construct.	Section 2.3 defines observer agreement and distinguishes reliability from validity; the coding example applies that definition without claiming agreement proves accuracy.	Test–retest reliability	related_to	source_asserted	The source lists inter-rater and test–retest reliability as distinct consistency checks: across observers versus across administrations.	Section 2.3, Reliability and Validity, types of reliability
Test–retest reliability	Test–retest reliability asks whether a measure produces consistent results across repeated administrations. It evaluates stability over occasions, whereas inter-rater reliability evaluates agreement among observers. A repeatable score can still measure the wrong thing, so consistency alone does not establish the validity of its interpretation.	Section 2.3 distinguishes repeated-administration consistency from observer agreement and states that reliability does not entail validity; the card does not demand unchanged scores when the actual trait changes.	Inter-rater reliability	related_to	source_asserted	Both forms are explicitly listed in the same reliability passage, with different sources of variation being checked.	Section 2.3, Reliability and Validity, inter-rater and test-retest definitions
Construct validity	Construct validity asks whether a measure actually captures the concept it is intended to represent. A procedure can produce consistent scores yet miss its intended target. The challenge is therefore more than repeatability: it is connecting an observable measurement to the psychological idea being studied.	Section 2.3 defines construct validity and separates validity from reliability; the card does not assert that surface plausibility or one correlation settles the question.	Inter-rater reliability	related_to	source_asserted	The source explicitly contrasts measuring the intended construct with merely obtaining consistent results; observer agreement is one specified form of that consistency.	Section 2.3, Reliability and Validity
Ecological validity	In this research-methods sense, ecological validity concerns how well findings apply to ordinary settings. Unobtrusive observation of people in their usual surroundings can improve realism, but sacrifices experimental control. A realistic setting helps the applicability question without automatically answering every question about cause and effect.	Section 2.2's naturalistic-observation discussion supports realism, generalization and control tradeoffs; retain this cited sense rather than treating all uses of ecological validity as interchangeable.	Construct validity	related_to	editorial	Real-world applicability and accurate measurement of an intended construct are different validity questions; the comparison is a learning bridge, not a claim that one guarantees the other.	Section 2.2, Naturalistic Observation; Section 2.3, Reliability and Validity
Experimenter expectancy bias	A researcher's expectations can influence how ambiguous observations are scored. Someone who knows which participants received an intervention may interpret borderline responses in its favor. Concealing group assignments from the scorer helps reduce this route of bias, without guaranteeing that every other source of error disappears.	Section 2.3's test-scoring example motivates observer blinding; helps reduce avoids the textbook's stronger implication that blinding alone removes all alternative explanations.	Double-blind study	related_to	source_asserted	The source introduces researcher blinding to address experimenter expectations and then defines double blinding as concealing assignment from participants as well.	Section 2.3, Causality, experimenter bias and double-blind paragraphs
Double-blind study	In a double-blind study, participants and the relevant researchers do not know which group each participant belongs to. Concealing assignments helps limit both participant expectations and experimenter expectations. It is a protection against those influences, not a substitute for sound sampling, measurement or comparison groups.	Section 2.3 defines concealed assignment for researchers and participants; the final limitation follows the chapter's separate design requirements and avoids claiming that blinding alone demonstrates causation.	Experimenter expectancy bias	related_to	source_asserted	Double blinding is directly introduced as controlling both experimenter and participant expectations, so its relation to expectancy bias is stated rather than inferred.	Section 2.3, Causality, double-blind definition and purpose
Research debriefing	Research debriefing explains a study after participation, especially when its purpose was concealed. Participants receive an honest account of the research question, the use of their data and why deception was used. The explanation helps restore information that the study deliberately withheld during the task.	Section 2.4 explicitly requires a full explanation after deceptive studies, including purpose, data use, reasons and further information; the card does not promise that explanation erases any harm.	Deception in psychological research	related_to	source_asserted	The ethics passage makes debriefing a requirement following deception and specifies the information participants should receive.	Section 2.4, Research Involving Human Participants, deception and debriefing
Deception in psychological research	Psychological studies sometimes conceal their precise purpose because knowing it could change participants' responses. That creates an ethical tension between informative behavior and informed participation. The cited ethics account limits deceptive procedures and requires a later explanation of the purpose, data use and reasons for concealment.	Section 2.4 explains response distortion and debriefing, with ethical limits; the card attributes this account and does not treat scientific convenience as sufficient permission for harmful deception.	Research debriefing	related_to	source_asserted	The source directly connects permissible use of deception with a subsequent full debriefing rather than treating concealment as an unrestricted research tool.	Section 2.4, deception example and mandatory debriefing paragraph
Social desirability bias	Social desirability bias can make self-reports reflect how people want to appear rather than what they actually do or believe. A respondent might underreport drinking to seem more acceptable. This is one possible source of inaccurate survey answers, alongside memory errors and other influences.	Section 2.2's surveys paragraph explicitly separates lying, misremembering and answers intended to look good; the card does not diagnose every inaccurate response as deliberate dishonesty.	Experimenter expectancy bias	related_to	editorial	Social desirability concerns the participant's presentation of an answer, whereas experimenter expectancy concerns the researcher's interpretation; contrasting them separates two locations where measurement can be distorted.	Section 2.2, Surveys; Section 2.3, Causality, experimenter bias
Doctrine of double effect	The doctrine of double effect distinguishes harm intended as a means from harm foreseen as a side effect of pursuing a good end. Its defenders also require proportionality and attention to avoiding harm. Merely saying a bad result was unintended does not make it permissible.	SEP sections 1 and 3 support the intention/foresight distinction, proportionality and harm minimization; attribution to defenders avoids presenting a contested doctrine as settled morality.	Doing versus allowing harm	related_to	source_asserted	The entry explicitly warns that intended versus foreseen harm is a different distinction from doing versus allowing harm; neither distinction should be substituted for the other.	Double Effect, section 3 Misinterpretations
Problem of closeness in double effect	The problem of closeness challenges the line between intended means and foreseen side effects. A harmful result may be so closely connected with an agent's chosen means that calling it unintended seems artificial. The difficulty is classifying the action without already assuming the moral verdict.	SEP section 4.2 identifies closely connected harms, and 4.3 raises evaluation-driven descriptions; the card presents a criticism rather than declaring that every intention distinction collapses.	Doctrine of double effect	facet_of	source_asserted	The entry names the problem of closeness as a criticism of double effect's distinction between intended means and merely foreseen harms.	Double Effect, sections 4.2 The Problem of Closeness and 4.3 The Side Effect Effect
Doing versus allowing harm	Doing harm and allowing harm distinguish bringing about a harmful outcome from failing to prevent it. Philosophers dispute their moral significance. Rachels's paired cases compare deliberate drowning with deliberately withholding rescue, testing whether the distinction alone can explain a difference in blame.	SEP sections 1–2 present Rachels's cases and objections to both their comparability and generalization; the card treats the cases as a test, not proof that killing and letting die are always equivalent.	Trolley problem	related_to	source_asserted	The entry uses driver and bystander trolley variants to examine whether doing/allowing explains moral judgments, and records challenges to that explanation.	Doing vs. Allowing Harm, section 3
Trolley problem	The trolley problem asks whether redirecting a lethal threat from five people toward one is permissible. Changing the decision-maker from driver to bystander challenges explanations based simply on doing versus allowing harm. The variants probe moral distinctions rather than supply an agreed algorithm for sacrifice.	SEP section 3 recounts Foot's driver and Thomson's bystander variants and continuing disagreement; no endorsement of a universal permissibility verdict or practical sacrifice rule is made.	Doing versus allowing harm	related_to	source_asserted	The bystander variant is explicitly discussed as a challenge to Foot's doing/allowing explanation of the driver's choice.	Doing vs. Allowing Harm, section 3, Foot and Thomson discussion
Moral luck	Moral luck names a tension in judging people: responsibility seems to require control, yet praise and blame often depend on factors outside their control. Two equally reckless actions can have different outcomes. The puzzle asks whether, and how, those differences should affect moral assessment.	SEP's Control Principle and resultant-luck examples support the tension; the card asks rather than settles the normative question and does not create an additional resultant-luck identity.	Circumstantial moral luck	related_to	source_asserted	The entry identifies circumstantial luck as one form of moral luck, involving which situations a person happens to face rather than only how an action ends.	Moral Luck, The Problem and Types of luck
Problem of temporary intrinsics	The problem of temporary intrinsics asks how one persisting object can have incompatible intrinsic properties at different times. A metal plate may change from round to square. Explaining that change requires an account of what it means to possess a property at a time.	SEP Identity Over Time sections 2.3–2.4 use the plate's shape change and discuss competing solutions; the card does not infer that ordinary change is logically impossible.	Indiscernibility of identicals	related_to	source_asserted	The section explicitly frames the temporary-intrinsics problem through Leibniz's Law: identity and differing properties require explaining the temporal qualification.	Identity Over Time, section 2.3 Leibniz's Law and the Possibility of Change
Circumstantial moral luck	Circumstantial moral luck concerns the unchosen situations that test a person's character. Someone placed in a brutal political environment may face choices another person never encounters. The philosophical problem is whether differing moral assessments are justified when the opportunity for wrongdoing itself depended on luck.	SEP's circumstantial-luck paragraph compares collaborators with imagined counterparts elsewhere; the card generalizes that structure without excusing atrocities or asserting that circumstances compel every action.	Moral luck	facet_of	source_asserted	Nagel's taxonomy in the entry expressly treats luck in one's circumstances as a kind of moral luck affecting assessment.	Moral Luck, Types of luck, Circumstantial luck
Constitutive moral luck	Constitutive moral luck concerns traits and dispositions shaped partly by factors people did not choose, including inheritance and upbringing. If those traits influence action, judging someone's character also raises a question about control. The issue is responsibility for who one has become, not merely what happens afterward.	SEP's constitutive-luck paragraphs identify genes, caregivers and peers, and connect dispositions with action; partly avoids a deterministic claim that character or conduct is wholly unchosen.	Moral luck	facet_of	source_asserted	The source explicitly classifies luck in character and dispositions as constitutive moral luck, extending the control problem to agents as well as actions.	Moral Luck, Types of luck, Constitutive luck
Supererogation	Supererogation is morally good action beyond what duty requires. A costly rescue may be admired even when failing to undertake it would not violate an obligation. Whether such optional goodness forms a genuine category is disputed, because some ethical theories make every morally best action compulsory.	SEP opening and Definition discuss good-but-not-required acts, heroic examples and theories denying the category; costly rescue is an illustration, not a requirement that every supererogatory act be costly.	Imperfect duty	related_to	source_asserted	The entry explicitly distinguishes optional action beyond duty from imperfect duties, which remain binding while allowing discretion over fulfillment, and notes attempts to equate them.	Supererogation, section 2 Definition, imperfect-duty discussion
Imperfect duty	In the Kantian distinction discussed here, an imperfect duty remains obligatory while leaving latitude in how it is fulfilled. Flexibility about particular actions does not make the underlying duty optional. This separates discretion within an obligation from supererogation, which concerns morally good action beyond obligation.	SEP section 2 explicitly says imperfect duties are no less compelling and differ in application; the opening bounds this formulation to the Kantian discussion rather than every use of the term.	Supererogation	related_to	source_asserted	The article contrasts imperfect duty's binding force and discretionary application with supererogatory optionality; it also acknowledges philosophers who dispute that separation.	Supererogation, section 2, imperfect duties and Kant
Suberogation	Suberogation is a proposed category of morally bad but permissible conduct, conceived as a counterpart to good actions beyond duty. Ingratitude is sometimes offered as an example, but both the examples and the category are disputed. Badness and prohibited wrongdoing need not be treated as identical.	SEP section 2 describes the proposed mirror category, contested ingratitude example and difficulty identifying clear cases; proposed and sometimes preserve its disputed status.	Supererogation	related_to	source_asserted	The source introduces suberogation by asking whether supererogation has a mirror image, then examines why the suggested symmetry is controversial.	Supererogation, section 2, offence and suberogation
Justified true belief analysis	The justified true belief analysis proposes that knowledge requires a belief to be true and adequately justified, with those conditions together sufficient. Truth excludes error; justification excludes unsupported lucky guesses. Gettier cases challenge the proposal by combining justification and truth with another kind of epistemic luck.	SEP sections 1 and 3 describe the tripartite proposal and its challenge; proposes and challenge prevent the analysis from being presented as the settled definition of knowledge.	Gettier problem	related_to	source_asserted	The entry explicitly presents Gettier counterexamples as a challenge to the sufficiency of justification, truth and belief together.	The Analysis of Knowledge, sections 1 and 3
Gettier problem	The Gettier problem asks why some justified true beliefs still seem not to be knowledge. A person can reason from a justified but false premise to a conclusion that happens to be true for an unrelated reason. The success is accidental despite the apparent justification.	SEP section 3's Smith/Jones disjunction case supports justified false premise, valid inference and accidental truth; some and seem preserve the philosophical status of the counterexample judgment.	Justified true belief analysis	related_to	source_asserted	Gettier cases are directly formulated as counterexamples to the traditional tripartite analysis, separating justified truth from nonaccidental knowledge.	The Analysis of Knowledge, section 3 Counterexamples to the Tripartite Analysis
No-false-lemmas condition	The no-false-lemmas condition proposes repairing justified true belief by excluding beliefs inferred from false premises. It blocks some Gettier examples, but deceptive perceptual environments pose a further challenge. A belief can apparently be accidentally true without having been inferred from any false proposition.	SEP section 4 states the proposed fourth condition and noninferential counterexamples; the card does not claim the repair is accepted or sufficient.	Gettier problem	facet_of	source_asserted	The entry expressly develops no false lemmas as an attempted additional condition for solving the Gettier problem, then presents objections.	The Analysis of Knowledge, section 4 No False Lemmas
Fake-barn case	In the fake-barn case, Henry happens to see a real barn in a landscape full of convincing facades. His belief is true and apparently justified, yet could easily have been mistaken. The example challenges whether accurate perception alone guarantees knowledge in a systematically deceptive environment.	SEP section 4's Barn County passage supplies Henry, the real barn and facades; apparently and challenges preserve the evaluative character of the knowledge verdict.	No-false-lemmas condition	related_to	source_asserted	The source presents Barn County as a challenge to the no-false-lemmas repair because Henry's belief need not involve inference from a false premise.	The Analysis of Knowledge, section 4, Barn County
Epistemic sensitivity	A sensitive belief tracks a counterfactual question: if the claim were false, would the person stop believing it? A mirage-based belief may fail because the same appearance would persuade without water. Sensitivity has been proposed as a condition on knowledge, but its adequacy is disputed.	SEP section 5.1 states the counterfactual and desert-water example, then discusses limitations; the card does not equate sensitivity with safety or endorse it as sufficient for knowledge.	Epistemic safety	related_to	source_asserted	Section 5.2 explicitly contrasts sensitivity with safety and explains why counterfactual contraposition does not make them equivalent.	The Analysis of Knowledge, sections 5.1 and 5.2
Epistemic safety	A safe belief would not easily have been false: in nearby possible circumstances where the person holds it, it remains true. This proposed condition on knowledge differs from asking what the person would believe if the claim were false. What counts as nearby is itself contested.	SEP section 5.2 gives the nearby-worlds formulation and discusses vagueness of nearness; the card avoids treating safety as a settled necessary or sufficient condition.	Epistemic sensitivity	related_to	source_asserted	The source explicitly distinguishes safety's nearby true beliefs from sensitivity's response to falsity, noting that the two modal conditions are not equivalent.	The Analysis of Knowledge, section 5.2 Safety
Epistemic closure	Epistemic closure asks whether competent deduction preserves knowledge. On a common formulation, someone who retains knowledge of a premise and comes to believe its consequence by competent deduction knows that consequence. This is not a claim that people automatically know every implication of everything they know.	SEP section 1 rejects unqualified entailment closure and gives the competent-deduction principle with continued premise knowledge; the card presents a formulation within a disputed debate.	Epistemology	broader_topic	editorial	Knowledge preservation under inference is a specific epistemological question; the closure entry and the broad account of cognitive success support this placement without implying universal acceptance of closure.	Epistemic Closure, section 1; Epistemology, opening account of cognitive success
Lottery paradox	If high probability licenses belief, each ticket in a large fair lottery may reasonably be treated as a loser. Combining all those beliefs yields that every ticket loses, although one must win. The lottery paradox challenges combining individually plausible beliefs without restriction.	SEP section 3 presents Kyburg's acceptance rule and agglomeration conflict; the conditional opening avoids asserting that probability alone actually suffices for rational belief or knowledge.	Preface paradox	related_to	source_asserted	The article introduces the preface paradox as a companion challenge to agglomeration, while noting that it does not require the same probabilistic acceptance rule.	Epistemic Paradoxes, sections 3 and 4
Preface paradox	An author can reasonably believe each carefully researched claim in a book while admitting that the book probably contains an error. Combining all the individual beliefs conflicts with that admission. The preface paradox tests how rational confidence in particular claims fits with recognition of one's fallibility.	SEP section 4 explains Makinson's author case and its conflict with agglomeration; the card preserves rational belief rather than recasting every assertion as knowledge or certainty.	Lottery paradox	related_to	source_asserted	The source connects both paradoxes through agglomeration while distinguishing the preface's ordinary recognition of fallibility from a numerical probability-acceptance rule.	Epistemic Paradoxes, sections 3–4
Moore's paradox	Moore's paradox concerns the oddness of asserting a fact while denying that one believes it. The combination need not be logically contradictory: someone else could truthfully describe that situation. The puzzle is why the speaker's own present assertion appears to undermine the position it expresses.	SEP section 5.3 distinguishes first-person declarative oddity from third-person, conditional and past-tense counterparts; the card avoids calling the proposition itself a formal contradiction.	Preface paradox	related_to	editorial	Both expose tensions involving belief, but Moore's case centers on an assertion's first-person stance, whereas the preface case concerns combining individually rational beliefs.	Epistemic Paradoxes, sections 4 and 5.3
Meno's paradox of inquiry	Meno's paradox asks how inquiry can work: if you already know the answer, inquiry seems unnecessary; if you do not, how could you recognize it? One response distinguishes partial knowledge from total ignorance. A searcher may know enough to recognize an answer without already possessing it.	SEP section 6.1 states the dilemma and partial-knowledge response; one response avoids presenting it as the only interpretation of Plato or the final resolution of all inquiry puzzles.	Epistemology	broader_topic	editorial	A puzzle about gaining and recognizing knowledge belongs within epistemology's study of cognitive success; the bridge uses the inquiry passage and the field's inspected overview.	Epistemic Paradoxes, section 6.1; Epistemology, opening overview
Epistemology	Epistemology investigates knowledge, justification, understanding and other kinds of cognitive success. It asks how evidence should constrain belief and what separates knowing from merely being right. Different approaches examine individual reasoning, sensory experience or the social interests that influence which evidence receives attention.	SEP's opening survey explicitly discusses knowledge versus true opinion, sensory justification, formal evidence constraints and feminist attention to interests; the card avoids reducing the field to one proposed knowledge analysis.	Justified true belief analysis	related_to	editorial	The tripartite analysis is one particular attempt to explain knowledge within a broader field that also studies justification, understanding and evidence; it is not the definition of epistemology itself.	Epistemology, historical overview; The Analysis of Knowledge, section 1
Numerical and qualitative identity	Numerical identity means being one and the same thing; qualitative identity means being alike in qualities. The distinction matters for change: a persisting object can remain the same object while its features alter. Similarity of appearance alone does not settle whether two descriptions pick out one thing.	SEP Identity Over Time section 1 distinguishes one object from exact resemblance and connects persistence with qualitative change; the card does not assume the controversial converse identity-of-indiscernibles principle.	Indiscernibility of identicals	related_to	source_asserted	The introduction moves directly from numerical/qualitative identity to Leibniz's Law, exposing the need to explain how qualitative change fits identity through time.	Identity Over Time, section 1 Introduction
Indiscernibility of identicals	The indiscernibility of identicals says that if two names pick out the very same thing, every property of that thing must belong to both referents. It runs from identity to shared properties. The converse claim, that sharing all properties guarantees identity, is a different principle.	SEP section 1 explicitly distinguishes identity implying indiscernibility from the converse; the two-name formulation explains reference without suggesting that differing descriptions themselves prove distinct objects.	Numerical and qualitative identity	related_to	source_asserted	The entry states Leibniz's Law after distinguishing numerical from qualitative identity, and separately names its more controversial converse.	Identity Over Time, section 1, Leibniz's two principles
Relative identity	Relative identity proposes that asking whether two things are the same requires specifying the kind of thing: the same what? On Geach's view, things might be the same under one classification but different under another. This contested proposal challenges treating identity as a single unqualified relation.	SEP Identity Over Time section 1 attributes sortal-relative identity to Geach and contrasts it with absolute identity; proposes and contested prevent endorsing it as standard logic.	Numerical and qualitative identity	related_to	editorial	Compare ordinary numerical identity with a proposal that identity must be qualified by a sortal. This is a competing analysis, not another name for qualitative similarity.	Identity Over Time, section 1, numerical identity and Geach's sortal proposal
Material constitution	A clay statue raises a puzzle: the clay seems able to survive squashing, while the statue does not. Does that show two coincident objects, or should their relationship be understood differently? Material constitution investigates this disputed relationship between an object and the matter that constitutes it.	SEP opening and section 1 present the statue/lump persistence argument alongside identity and revisionary views; seems and the question explicitly avoid settling the dispute in favor of two objects.	Indiscernibility of identicals	related_to	source_asserted	The statue-and-clay argument explicitly invokes Leibniz's Law: if their persistence properties differ, identity is threatened. The entry presents rival responses rather than endorsing that inference without qualification.	Material Constitution, section 1, The Puzzle of the Statue and the Clay
Presentism	Presentism holds that only temporally present objects exist. Merely past or future objects are excluded from its inventory of reality, though abstract entities may fall outside time. The claim concerns existence itself, not simply which events people can currently observe or remember.	SEP Time section 6 defines presentism and explicitly distinguishes temporal presence from spatial presence and timeless abstract objects; no claim that the past never occurred.	Eternalism	related_to	source_asserted	The source directly opposes presentism to eternalism, which includes objects at past and future times in what exists.	Time, section 6 Presentism, Eternalism, and the Growing Block Theory
Eternalism	Eternalism holds that past and future objects exist as well as present ones. Existing need not mean being located at the present time, just as occupying another place need not mean being nowhere. The view separates an object's temporal location from whether it belongs to reality.	SEP Time section 6 separates ontological existence from present temporal location and includes past/future objects; the spatial comparison restates the distinction, not a claim that all eternalists endorse one spacetime theory.	Presentism	related_to	source_asserted	Section 6 explicitly defines eternalism as a way of opposing presentism's restriction of existence to present objects.	Time, section 6, temporal-location and ontological senses of existence
Growing block theory	Growing block theory holds that the past and present exist, while the future does not yet exist. Reality expands as new events join its present edge. It differs from presentism, which excludes the past, and eternalism, which includes future objects in what exists.	SEP Time section 6 defines the increasing ontology and contrasts both alternatives; the card does not equate the growing block with four-dimensionalism or a settled physical theory.	Eternalism	related_to	source_asserted	The section contrasts eternalism's past-and-future existence with the growing block's past-and-present existence, marking the future as their key difference.	Time, section 6, growing block paragraph
Sorites paradox	The sorites paradox turns tiny changes into a puzzle about vague categories. If one grain is not a heap, and adding one grain never makes the difference, repeated additions seem to imply that no heap is possible. Plausible small steps produce an unacceptable conclusion.	SEP opening and section 2 supply the grain-addition chain; the card identifies the conflict without asserting that the tolerance premise is true or resolving vagueness by definition.	Epistemicism about vagueness	related_to	source_asserted	The entry presents epistemicism as one response to the sorites paradox, locating a sharp but unknowable boundary rather than accepting every small-step premise.	Sorites Paradox, opening and section 3.2
Epistemicism about vagueness	Epistemicism treats vagueness as a limit of knowledge rather than an absence of precise boundaries. There is, on this view, an exact cutoff between a heap and a non-heap, although we cannot identify it. Statements remain true or false even when their status is inaccessible.	SEP section 3.2 describes hidden sharp boundaries and preservation of bivalence; on this view makes the controversial account explicit rather than reporting it as a discovered linguistic fact.	Sorites paradox	related_to	source_asserted	The article presents epistemicism among responses to sorites, preserving classical bivalence while denying that every adjacent pair must share the same status.	Sorites Paradox, section 3.2 The Epistemic Theory
Supervaluationism	Supervaluationism evaluates a vague statement across admissible ways of making its terms precise. A statement true under every such interpretation is supertrue; some borderline statements are neither supertrue nor superfalse. This permits truth-value gaps while preserving many classical logical laws, including excluded middle.	SEP section 3.3.1 defines admissible precisifications, supertruth and gaps while discussing retained classical laws; the card does not equate semantic indeterminacy with epistemic ignorance.	Epistemicism about vagueness	related_to	source_asserted	The entry explicitly contrasts supervaluationism's semantic indeterminacy with epistemicism's unknown but sharp boundaries; this comparison explains their different treatments of borderline cases.	Sorites Paradox, sections 3.2 and 3.3.1
Two truths in Indian Buddhist philosophy	Indian Buddhist discussions of two truths distinguish conventional understanding from an ultimate perspective. Ordinary language and practices operate conventionally, while ultimate analysis asks how things really are. Buddhist schools interpret both levels and their relationship differently, so the distinction does not express one uniform doctrine across traditions.	SEP opening differentiates conventional and ultimate perspectives and explicitly warns that the schools can be radically opposed; the card avoids attributing one settled metaphysics or historical origin to all Buddhism.	Epistemology	related_to	editorial	The distinction concerns perspectives on truth and knowledge, inviting comparison with epistemology's study of cognitive success without assimilating all Buddhist schools to a single Western theory.	The Theory of Two Truths in India, opening and schools overview; Epistemology, opening
Zhuangzi’s butterfly dream	Zhuangzi's butterfly dream reverses the security of waking identity: was Zhuangzi dreaming of a butterfly, or is a butterfly dreaming of Zhuangzi? In the cited interpretation, the story encourages modesty about one's present perspective. Feeling released from an earlier error need not establish a final standpoint.	SEP's discussion around Zhuangzi 2:14 links the story to perspectival shifts and mild skepticism; in the cited interpretation avoids claiming one uncontested reading or that the story proves reality illusory.	Epistemology	related_to	editorial	The dream provides a literary route into questions about certainty and cognitive perspective; this is an editorial learning bridge, not a claim that Zhuangzi adopted a modern epistemological doctrine.	Zhuangzi, epistemic reflection around 2:12–2:14; Epistemology, cognitive success overview
Political science	Political science examines collective choices and conflicts, especially those involving government. A useful analysis asks which rules apply, what circumstances participants face and what choices they make. The same formal rule can produce different outcomes when the surrounding conditions or participants' strategies change.	OpenStax section 1.1 defines government-focused collective interactions and the rules/reality/choices framework; the final sentence expresses their interaction rather than a quantified causal finding.	Constitution (politics)	related_to	source_asserted	The chapter identifies a constitution as the most basic legal rules structuring government, one important instance of the rules its political-analysis framework examines.	Introduction to Political Science 1.1, Rules and constitutional principles
Constitution (politics)	A political constitution sets out basic principles governing public power, including institutional structure, governmental duties and people's rights. Those principles need not appear in a single document. Constitutional arrangements can combine written provisions with other sources, so a state's constitution is more than a document's title.	OpenStax section 1.1 identifies constitutional structure, duties and rights and gives multi-source examples; no claim that every constitutional guarantee is effectively enforced.	Uncodified constitution	related_to	source_asserted	The passage explicitly distinguishes constitutional functions from having a single constitutional document, with the UK among its examples.	Introduction to Political Science 1.1, constitutional principles and multi-document examples
Parliamentary sovereignty	Parliamentary sovereignty is the UK's principle that Parliament is the supreme legal authority and can make or repeal laws. One Parliament cannot generally prevent a later Parliament from changing its legislation. Institutional reforms may constrain how power is exercised without, in this account, extinguishing that legal principle.	UK Parliament's sovereignty page states supremacy, future repeal and reforms; generally and in this account preserve the official explanation's legal qualifications and avoid denying practical political constraints.	Uncodified constitution	related_to	source_asserted	The official page presents sovereignty as a central principle of the UK's partly written, uncodified constitution, directly connecting principle and constitutional form.	Parliamentary sovereignty, opening, UK constitution and Developments sections
Uncodified constitution	An uncodified constitution lacks one consolidated constitutional text, not necessarily written rules. The United Kingdom's constitutional arrangements include many statutes alongside other sources. Calling the constitution unwritten can therefore mislead: the important distinction is whether its basic rules are collected in a single authoritative document.	UK Parliament's sovereignty page expressly describes the constitution as partly written and wholly uncodified; the card does not equate uncodified with informal, unenforceable or absent.	Constitution (politics)	broader_topic	source_asserted	The page identifies uncodified as the form of the UK's constitution, while explaining that many constitutional rules are nevertheless written in statutes.	Parliamentary sovereignty, Parliamentary sovereignty and the UK constitution
Parliament Act 1911	The Parliament Act 1911 followed conflict over the Lords' rejection of the 1909 budget. It replaced the Lords' veto over most Commons public bills with delay, while protecting bills extending Parliament's lifetime. A later Act in 1949 shortened that delaying power, showing how legislative authority shifted between chambers.	UK Parliament's history and exceptions sections support the budget conflict, qualified veto reduction and later 1949 change; most Commons public bills avoids applying the procedure to every bill.	Bicameralism	related_to	source_asserted	The official explanation sets the Act within normal Commons–Lords agreement and specifies circumstances where one chamber's consent can be bypassed.	The Parliament Acts, opening, historical background and excluded bills
Salisbury convention	The Salisbury convention restrains the House of Lords from voting down government bills promised in an election manifesto. It helps an elected government advance its announced program even without a Lords majority. This convention concerns how a chamber exercises its powers, rather than a new statutory voting procedure.	UK Parliament's Salisbury section states manifesto-bill restraint and lack of a Lords majority; describing it as a convention distinguishes the source's separate account of statutory Parliament Acts procedures.	Parliament Act 1911	related_to	editorial	Compare a political convention limiting opposition to manifesto bills with a statutory route around Lords consent; both affect inter-chamber relations but operate through different mechanisms.	The Parliament Acts, statutory procedure and The Salisbury Convention
Money bills under the Parliament Acts	Under the UK Parliament Acts, a Speaker-certified money bill can reach Royal Assent without Lords consent after a month without unamended passage. It must already have passed the Commons and reached the Lords at least a month before session-end; the Commons can direct otherwise.	The Parliamentary Counsel guidance, paragraphs 1.2, 1.5, 1.8 and 2.2, supplies certification and all timing/direction conditions; this supersedes the introductory page's misleading claim of automatic assent within a month and its absolute amendment claim.	Parliament Act 1911	facet_of	source_asserted	The guidance expressly identifies section 1 of the 1911 Act as the money-bill procedure and reproduces its legal conditions.	Money Bills, paragraphs 1.1–1.8 and 2.2, reproduced Parliament Act 1911 section 1
Bicameralism	Bicameralism organizes a legislature into two chambers. In the United Kingdom, the Commons and Lords normally both pass a bill before it becomes law, but the Parliament Acts create specified exceptions. The example shows that two chambers need not possess equal or unrestricted blocking powers.	UK Parliament's opening describes two-house agreement and exceptions; the card confines the mechanics to the UK and does not universalize its unequal powers across all bicameral systems.	Parliament Act 1911	related_to	source_asserted	The Parliament Acts page directly explains the two chambers' ordinary role through the statutory exceptions that modify it.	The Parliament Acts, opening and Bills subject/not subject to the Parliament Acts
Mixed-member proportional representation	Mixed-member proportional representation combines constituency representatives with party-list seats intended to make overall representation proportional. In New Zealand's version, voters choose a local candidate and a party separately. The party vote largely determines each party's total seats, while electorate winners take individual constituency seats.	New Zealand Electoral Commission's MMP explanation supports separate votes and the overall party share; intended and largely accommodate allocation qualifications, and New Zealand's version prevents universalizing its exact rules.	New Zealand MMP threshold	related_to	source_asserted	The official MMP explanation identifies the threshold as the New Zealand eligibility rule operating within this electoral system, not as a universal property of MMP.	What is MMP?, Two votes and Political parties try to win party votes and electorate votes
New Zealand MMP threshold	New Zealand's MMP system gives parties two routes to parliamentary eligibility: at least five percent of the party vote or an electorate victory. The alternative route means a party below the percentage threshold can still qualify through local success. These are New Zealand's rules, not universal MMP requirements.	The Electoral Commission explicitly states the five-percent or electorate-seat alternatives; the card does not claim an exact seat entitlement or apply the threshold to other countries.	Mixed-member proportional representation	facet_of	source_asserted	The official page locates the threshold within New Zealand's MMP allocation and explains it alongside separate party and electorate votes.	What is MMP?, Political parties try to win party votes and electorate votes
Confidence and supply agreement	A confidence and supply agreement allows one party to support another on specified parliamentary matters without forming a coalition government together. New Zealand's electoral authority distinguishes these arrangements from parties joining government. The distinction shows that keeping a government functioning need not mean sharing its entire program.	The Electoral Commission's Parties negotiate section differentiates coalition membership from support on certain issues/laws; the card does not claim all agreements have identical terms or require support on every bill.	Mixed-member proportional representation	related_to	source_asserted	The New Zealand MMP explanation discusses confidence and supply as one arrangement parties may negotiate when no party can govern alone, not an inevitable consequence of MMP.	What is MMP?, Parties negotiate to form a government
Constructive vote of no confidence	Germany's constructive vote of no confidence requires the Bundestag to elect a successor Chancellor by a majority of its members while seeking the incumbent's dismissal. Opposition must therefore agree on a replacement, not merely on rejection. Article 67 also requires forty-eight hours between motion and election.	Basic Law Article 67 supplies majority membership, successor election, dismissal request and waiting period; the institutional consequence follows those express conditions and is bounded to Germany.	Confidence and supply agreement	related_to	editorial	Compare Germany's constitutional replacement requirement with New Zealand's negotiated support arrangements. Both concern parliamentary support for government, but one is a removal procedure and the other an interparty agreement.	Basic Law Article 67; What is MMP?, Parties negotiate to form a government
German eternity clause	Germany's eternity clause makes certain constitutional amendments inadmissible, including changes affecting the federal division into Länder and principles protected by Articles 1 and 20. This differs from merely requiring a large majority: Article 79 sets substantive limits that the ordinary two-thirds amendment procedure cannot override.	Basic Law Article 79(2)–(3) distinguishes two-thirds votes from inadmissible amendments; including avoids claiming that the examples exhaust the clause, and no universal claim about all constitutions is made.	Constitution (politics)	facet_of	editorial	The clause exemplifies a constitutional limit on the power to amend basic governmental rules; the Basic Law provision and general constitution account support that editorial placement.	Basic Law Article 79; Introduction to Political Science 1.1, constitutional principles
Concurrent legislative powers in Germany	In Germany's concurrent legislative sphere, the Länder generally may legislate while the Federation has not exercised its power. Federal legislation can therefore change the space for state action. Article 72 also permits departures in specified fields, so concurrency does not mean either unrestricted coexistence or uniform federal exclusion.	Basic Law Articles 70–72, reinspected through all of Article 72, support the general rule and paragraph 3 exceptions; generally and specified fields avoid falsely absolute federal displacement.	Constitution (politics)	facet_of	editorial	Concurrent competence is a constitutional allocation of lawmaking authority between governmental levels, a specific example of the powers and structure a constitution defines.	Basic Law Articles 70–72; Introduction to Political Science 1.1, constitutional structure
Standing to sue	In US federal court, standing ordinarily requires a concrete, particularized injury that is actual or imminent, linked to the challenged conduct and likely to be redressed by a favorable decision. Disagreeing with a policy is therefore different from showing the personal stake needed to bring the lawsuit.	Cornell's federal-standing section gives injury, causation and likely redressability; the jurisdiction is explicit and ordinarily avoids implying this short statement exhausts every standing doctrine.	Amicus curiae	related_to	editorial	Standing concerns a party's ability to bring suit; amicus participation lets a nonparty offer a brief under court rules. The comparison separates initiating litigation from contributing to its consideration.	Standing, Federal Court and Lujan test; Amicus curiae, opening and court rules
Amicus curiae	An amicus curiae is a nonparty who offers a court arguments or information through a brief. Having an interest in a case does not make the contributor a litigant. Participation follows the court's applicable rules, which govern when and how such outside submissions may be made.	Cornell defines nonparty participation and identifies Supreme Court Rule 37 and appellate Rule 29; the card avoids an absolute permission requirement because procedures differ by court and filing context.	Standing to sue	related_to	editorial	Compare a nonparty's rule-governed contribution with the injury-based requirements for a plaintiff's federal standing. An amicus brief does not itself give its author party status.	Amicus curiae, definition and governing rules; Standing, federal test
Rule of lenity	The rule of lenity favors the defendant when a criminal statute remains ambiguous. It concerns interpreting the reach of a penal law, rather than deciding whether evidence proves the alleged conduct. Its rationale includes reserving the definition of crimes and punishments to lawmakers instead of judicial expansion.	Cornell's definition and separation-of-powers rationale support criminal-law ambiguity and legislative responsibility; remains ambiguous avoids suggesting every initial uncertainty immediately triggers the rule.	Burden of proof	related_to	editorial	Lenity concerns ambiguity in a criminal law's meaning; the prosecution's burden concerns evidentiary proof of guilt. The sources support this distinction without treating them as interchangeable safeguards.	Rule of lenity, definition and rationale; Burden of proof, criminal standard
Habeas corpus	Habeas corpus brings the legality of custody before a court. In US federal practice, a detainee's petition is a civil action challenging detention rather than an ordinary new criminal trial. It can protect against unlawful confinement, but jurisdictional and procedural requirements limit when relief is available.	Cornell's overview and federal-procedure discussion support custody review, civil action and procedural limits; the card does not promise a merits hearing or release whenever a petition is filed.	Gideon v. Wainwright	related_to	editorial	Gideon's unsuccessful state habeas petition supplies a concrete example of challenging detention through habeas before later Supreme Court review; it does not establish that every habeas claim succeeds.	Habeas corpus, overview; Gideon v. Wainwright, Facts, Florida Supreme Court petition
Stare decisis	Stare decisis directs courts to follow precedent, supporting consistent and predictable law. Vertical precedent comes from a higher court; horizontal precedent concerns a court's own earlier decisions. The doctrine allows some precedents to be overruled, so continuity is a strong consideration rather than an absolute prohibition on change.	Cornell distinguishes horizontal and vertical operation and states that precedent is not an inexorable command; some precedents does not imply lower courts may disregard binding higher-court decisions at will.	Brown v. Board of Education	related_to	source_asserted	Cornell explicitly uses Brown's rejection of the separate-but-equal precedent as an example showing that stare decisis is not absolute.	Stare decisis, final paragraph and Brown example
Burden of proof	The burden of proof concerns who must establish a proposition and what standard their evidence must meet. In US criminal cases, the prosecution must prove guilt beyond reasonable doubt; most civil claims use preponderance of evidence. Different proceedings therefore demand different levels of evidentiary persuasion.	Cornell's criminal/civil examples, production/persuasion distinction and jurisdictional qualifications support the card; most civil claims preserves exceptions and the criminal claim is confined to proving guilt.	Summary judgment	related_to	editorial	Compare the standard governing proof with a procedure asking whether a material factual dispute requires trial. Summary judgment does not simply replace evidentiary burdens with a judge's preference.	Burden of proof, standards; Summary judgment, Rule 56 and non-movant evidence
Summary judgment	In US federal civil procedure, summary judgment can resolve a claim without trial when no genuine dispute of material fact remains and the moving party is entitled to judgment as a matter of law. It does not authorize choosing between competing evidence that a reasonable factfinder could resolve differently.	Cornell's Rule 56 section and favorable-to-nonmovant discussion support both conditions and the factual-dispute limitation; the card is explicitly federal and civil rather than a universal rule for all courts.	Preliminary injunction	related_to	editorial	Both may be considered before trial, but summary judgment adjudicates a claim or issue while a preliminary injunction supplies interim protection before final judgment.	Summary judgment, overview and Rule 56; Preliminary injunction, definition and Winter factors
Preliminary injunction	A preliminary injunction provides court-ordered protection before final judgment. In US federal practice, the cited test considers likely success, likely irreparable harm, competing hardships and the public interest. The question is whether interim relief is justified while the dispute remains unresolved, not whether the applicant has already won.	Cornell's Winter factors and Rule 65 discussion support the four considerations and interim role; federal qualification avoids treating varying state procedures as identical.	Summary judgment	related_to	editorial	Contrast temporary relief pending resolution with an adjudication without trial when material facts do not require a factfinder; the procedures answer different questions despite possible pretrial timing.	Preliminary injunction, definition and Winter; Summary judgment, Rule 56
Claim preclusion	Claim preclusion generally prevents a party from relitigating a cause of action after a final judgment on its merits. A losing plaintiff cannot simply sue the same defendant again on that claim; a winning plaintiff likewise cannot start another suit just to obtain additional recovery.	Cornell's res judicata overview and Bar and Merger examples support both losing and winning plaintiffs; generally avoids treating the brief account as an exhaustive jurisdiction-independent test.	Issue preclusion	related_to	source_asserted	The res judicata entry expressly distinguishes claim preclusion from issue preclusion; the former concerns the cause of action, while the latter concerns a decided issue.	Res judicata, opening and Bar and Merger; Collateral estoppel, opening
Issue preclusion	Issue preclusion prevents relitigation of a factual or legal issue already validly, finally and necessarily decided in an earlier proceeding. It can matter even when the later lawsuit is a different claim. The focus is the resolved issue, rather than a wholesale repetition of the original action.	Cornell's collateral-estoppel definition and civil-procedure discussion support final and necessary determination; can matter avoids promising automatic preclusion without the jurisdiction's additional requirements.	Claim preclusion	related_to	source_asserted	The linked accounts distinguish preventing a repeated claim from preventing a repeated decision on an essential issue, while acknowledging varied uses of the term res judicata.	Collateral estoppel, opening and civil procedure; Res judicata, distinction paragraph
Citizens' assemblies	Citizens' assemblies bring selected members of the public together to learn, hear contrasting evidence and deliberate on a policy question. In Ireland's process, participants discuss in small groups and make recommendations. Those recommendations are advisory: elected institutions retain responsibility for deciding legislation and government policy.	Ireland's official FAQ supports evidence, facilitated discussion and advisory recommendations; the card explicitly bounds decision authority to the Irish process rather than every citizens' assembly internationally.	Stratified sortition for citizens’ assemblies	related_to	source_asserted	The FAQ directly explains stratified random recruitment as the method for forming an Irish assembly intended to broadly reflect the wider population.	Citizens' Assembly FAQ, how it works, recommendations and member selection
Stratified sortition for citizens’ assemblies	Ireland's citizens' assembly recruitment combines chance with demographic balancing. Randomly invited households may nominate an adult applicant; members are then selected using demographic information so the group broadly resembles society. The resulting mini-public is intended to be diverse, rather than simply comprising whoever volunteers first.	The official FAQ's recruitment paragraphs describe random household invitations, one adult nominee and stratified selection among applicants; intended and broadly avoid claiming perfect representativeness or eliminating nonresponse effects.	Citizens' assemblies	facet_of	source_asserted	The source explicitly identifies stratified selection as the membership-recruitment procedure for Irish citizens' assemblies, connecting mechanism and deliberative body.	Citizens' Assembly FAQ, How are members selected?, invitation and stratification paragraphs
Regulatory sandbox	A regulatory sandbox permits supervised testing of an innovation within defined limits. The UK's Financial Conduct Authority typically uses small, time-limited trials with real consumers. Acceptance does not remove authorization requirements or exempt a firm from national law, distinguishing controlled experimentation from unrestricted permission to operate.	FCA sections on offers, tests and tools support real consumers, scale/duration limits, authorization and inability to waive national law; the specific mechanics remain attributed to this regulator's program.	Sunset provision	related_to	editorial	Compare time-limited regulatory testing with automatic statutory expiry: both impose a time boundary, but a sandbox limits a trial while a sunset provision ends legal authority unless renewed.	FCA Regulatory Sandbox, tests and tools; Sunset law, definition
Freedom of Information Act (United States)	The US Freedom of Information Act lets people request existing federal agency records, subject to specified exemptions. It does not require an agency to create new records, conduct research or answer a questionnaire. The right therefore concerns access to recorded information rather than a general government research service.	FOIA.gov's definition and What can I ask for? support agency-record scope, exemptions and no new-research obligation; people avoids incorrectly limiting requesters to US citizens.	Government in the Sunshine Act	related_to	editorial	FOIA concerns access to agency records; the Sunshine Act concerns observation of covered agency meetings. Their comparison distinguishes two transparency mechanisms with different scopes and exceptions.	FOIA.gov FAQ, definition and records; 5 USC 552b(a)–(c)
FOIA segregability	FOIA segregability means an exempt passage does not necessarily justify withholding an entire record. Federal agencies must consider partial disclosure and release reasonably separable nonexempt portions after redaction. The practical question is what can still be disclosed without revealing the information protected by a valid exemption.	5 USC 552(a)(8)(A)(ii) and the final paragraph of (b) require reasonable segregation and partial release; reasonably and valid exemption preserve limits rather than promising every document has releasable fragments.	Freedom of Information Act (United States)	facet_of	source_asserted	The statute itself imposes partial-disclosure and segregation duties within FOIA, tying the mechanism directly to the federal records-access regime.	5 USC 552(a)(8)(A)(ii) and final paragraph of 552(b)
Government in the Sunshine Act	The Government in the Sunshine Act generally opens meetings of covered federal collegial agencies to public observation. Its definition does not cover every government gathering. Specified exceptions permit closure of portions, with formal voting and disclosure procedures, so openness is a structured legal requirement rather than an unlimited rule.	5 USC 552b(a)–(d) defines covered collegial agencies, public observation, exceptions and recorded votes; covered and portions avoid universalizing coverage or suggesting every discussion must be public.	Freedom of Information Act (United States)	related_to	editorial	Meeting observation under section 552b and access to records under FOIA address different forms of government transparency; neither mechanism is treated as an automatic substitute for the other.	5 USC 552b(a)–(d); FOIA.gov FAQ, agency records
Sunset provision	A sunset provision makes a law, program or agency expire after a specified period unless renewed through the required legislative process. Instead of requiring a fresh decision to terminate it, the provision makes continuation depend on renewed approval. This changes the default when lawmakers take no action.	Cornell's sunset-law definition and two-year program example support automatic expiry and renewal; required legislative process avoids assuming every sunset uses identical review procedures.	Regulatory sandbox	related_to	editorial	A sunset changes the default duration of legal authority; a sandbox bounds a supervised test. Their shared time limit is useful to compare without equating the institutional mechanisms.	Sunset law, definition and example; FCA Regulatory Sandbox, time-limited tests
South African Truth and Reconciliation Commission	South Africa's Truth and Reconciliation Commission addressed abuses associated with apartheid through separate work on human-rights violations, reparations and rehabilitation, and amnesty. Its committee structure shows that truth-finding, assistance to victims and decisions about perpetrators' amnesty were related tasks, rather than one undifferentiated act of forgiveness.	The official TRC introduction identifies the post-apartheid mandate and three committees; the card describes institutional tasks rather than claiming universal reconciliation or automatic forgiveness.	Conditional amnesty in South Africa's TRC	related_to	source_asserted	The official site identifies the Amnesty Committee as one of the Commission's three components, directly locating amnesty decisions within its wider mandate.	TRC official introduction and three-committee mandate
Conditional amnesty in South Africa's TRC	Amnesty before South Africa's TRC was conditional, not automatic for politically connected violence. In a 1997 decision, Henry Khanyile's application failed because the committee found he had withheld relevant facts. The case shows why political context did not remove the requirement for full disclosure.	The TRC's 18 August 1997 statement quotes the committee's section 20(1)(c) nondisclosure finding; the card reports its decision without asserting that disclosure alone guaranteed amnesty or retrying guilt independently.	South African Truth and Reconciliation Commission	facet_of	source_asserted	The statement is an actual Amnesty Committee decision within the TRC process and expressly applies its statutory full-disclosure condition.	Statement on Amnesty Decisions, 18 August 1997, Henry Mkheyi Khanyile section
Brown v. Board of Education	Brown v. Board of Education rejected state-imposed racial segregation in US public education under equal protection. The Court treated separate schooling as inherently unequal, rather than asking only whether physical facilities matched. The decision challenged a legal framework of separation, although implementing desegregation required further proceedings and resistance persisted.	The US Courts educational account supports the public-education holding and later compliance/resistance discussion; state-imposed and public preserve constitutional scope without claiming immediate practical integration or a rule covering every private activity.	Stare decisis	related_to	editorial	Brown illustrates the possibility of departing from precedent: Cornell's stare decisis entry expressly connects it with rejection of Plessy's separate-but-equal rule, while the court account supplies the education holding.	Access to Education — Rule of Law, Brown and Cooper sections; Stare decisis, Brown example
Gideon v. Wainwright	Gideon v. Wainwright established the right to appointed counsel for indigent defendants in state felony trials. After Gideon was denied a lawyer, the Supreme Court held that the Sixth Amendment guarantee applies to states through the Fourteenth Amendment. The case concerns fair criminal proceedings, not universal publicly funded legal representation.	US Courts Facts and Reasoning support Florida felony prosecution, indigence, denial and incorporation; the card confines its claim to state felony trials rather than all civil disputes or every minor offense.	Habeas corpus	related_to	source_asserted	The case summary explicitly records Gideon's state habeas petition challenging his detention after the denial of counsel, before his later Supreme Court petition.	Gideon v. Wainwright, Facts, Florida Supreme Court habeas petition
