1|Information theory measures the choices involved in sending messages and the limits of communication systems. In Shannon's formulation, a message is selected from possible alternatives; its personal meaning is a separate question. Using base-two logarithms measures those choices in bits.|20|related_to|editorial|Shannon's paper provides a concrete historical entry into the field by formulating message selection and its bit-based measure.|shannon|Checked the message-selection problem, explicit separation from semantics, and logarithm-base choice in the introduction; no claim that human meaning is unimportant generally.
2|Data compression represents information using fewer bits. Lossless methods preserve everything needed to reconstruct the original: DEFLATE, for example, replaces repeated byte strings with references and encodes symbols economically. Its combination shows that exploiting repetition and shortening frequent symbols are different routes to smaller representations.|7|related_to|source_asserted|RFC 1951 explicitly identifies DEFLATE as a lossless compressed format using LZ77 and Huffman coding, providing a concrete example of compression.|deflate|Checked lossless reconstruction and the two coding mechanisms against the abstract and section 2; no promise that every input becomes smaller.
3|Huffman coding assigns variable-length bit strings to symbols using their frequencies. Frequent symbols can receive shorter codes. The result is an optimal prefix code for the given frequencies, so a decoder can identify consecutive symbols unambiguously without inserting a separator after every codeword.|4|broader_topic|source_asserted|RFC 1951 section 3.2.1 explicitly defines a Huffman code as an optimal prefix code for given symbol frequencies.|deflate|Checked variable lengths, known frequencies, prefix decoding, and optimality limited to prefix codes for the specified frequencies.
4|A prefix-free code gives each symbol a bit string that is never the beginning of another symbol's complete code. A decoder follows bits until it reaches a symbol, then starts again. Variable-length messages can therefore be separated into codewords without additional boundary markers.|3|related_to|source_asserted|The RFC's prefix-coding explanation directly introduces Huffman coding as a frequency-based construction of such codes.|deflate|Checked the binary-tree leaves and symbol-by-symbol decoding; prefix-free does not mean every possible bit string is a valid codeword.
5|Canonical Huffman coding determines the actual codewords from ordered symbol lengths. Codes of equal length receive consecutive values, with shorter codes preceding longer ones. DEFLATE uses these rules so a decoder can reconstruct the codebook from lengths rather than receiving every codeword explicitly.|3|facet_of|source_asserted|RFC 1951 section 3.2.2 gives additional ordering rules for Huffman codes and explains reconstruction from code lengths.|deflate|Checked both ordering rules and reconstruction sufficiency; this concerns representing a codebook, not choosing optimal lengths.
6|LZ77-style compression replaces repeated strings with references to earlier input. In DEFLATE, a reference gives a backward distance and a length, telling the decoder what earlier bytes to copy. Literal bytes handle material without a suitable match in the available history.|2|broader_topic|source_asserted|RFC 1951 section 2 identifies LZ77 as a compression technique used to represent repeated strings with backward references.|deflate|Checked literals, distance-length pairs, and earlier-history copying; wording identifies the DEFLATE implementation rather than imposing its limits on every LZ77 variant.
7|DEFLATE is a lossless compressed-data format combining two techniques. Repeated byte strings become LZ77-style length-and-distance references, while literals and references are represented with Huffman codes. Data is organized into blocks, which can use fixed codes, transmitted code tables, or no compression.|6|application_of|source_asserted|The RFC abstract and section 2 expressly state that DEFLATE combines the LZ77 algorithm with Huffman coding.|deflate|Checked the combination and three valid block types; not described as an Internet standard because RFC 1951 is informational.
8|A dynamic Huffman block in DEFLATE carries descriptions of its own coding tables before the compressed data. The descriptions encode code lengths, including repeated lengths. Fixed-code blocks avoid that table description, creating a format-level choice between predetermined codes and block-specific ones.|7|facet_of|source_asserted|RFC 1951 sections 3.2.6–3.2.7 define fixed and dynamic Huffman block types within DEFLATE.|deflate|Checked transmitted lengths and repeated-length symbols; no unsupported claim that dynamic blocks always compress better.
9|Unicode normalization gives equivalent text sequences a common representation. It decomposes characters, orders combining marks, and sometimes recomposes them. The chosen normalization form matters: canonical forms preserve distinctions that compatibility forms may remove, so normalization is more specific than simply making text look alike.|10|related_to|source_asserted|UAX 15 sections 1.1–1.3 explicitly use canonical equivalence to define normalization forms and their transformations.|normalization|Checked decomposition, ordering, recomposition, and canonical versus compatibility behavior; normalization is not a general visual-similarity matcher.
10|Unicode can represent the same abstract character in different ways, such as a precomposed accented letter or a letter followed by a combining accent. Canonical equivalence identifies these alternatives as fundamentally equivalent. Normalization allows software to compare their representations consistently.|9|facet_of|editorial|Canonical equivalence supplies one precisely defined basis for normalization; grouping it as a facet distinguishes the equivalence relation from the transformation algorithm.|normalization|Checked the combining-sequence example and equivalence definition; no assumption that every similarly drawn character is canonically equivalent.
11|Compatibility equivalence connects Unicode forms that may differ in presentation, such as a circled numeral and its ordinary digit. Compatibility normalization can fold these distinctions. That can help comparison, but blindly applying it may erase formatting or mathematical distinctions that matter in context.|9|facet_of|editorial|Compatibility equivalence is a separately specified equivalence basis used by NFKC and NFKD, so it is grouped as a qualified normalization facet.|normalization|Checked examples and the warning about lost semantic distinctions; compatibility folding is not declared safe for arbitrary text.
12|Joining two normalized Unicode strings does not guarantee that the result stays normalized. A combining mark at the boundary may need reordering or composition with the preceding text. Software can therefore need to normalize the join even when both original pieces were already normalized.|9|facet_of|source_asserted|UAX 15 section 1.4 explicitly explains normalization's failure to be closed under concatenation and shows boundary examples.|normalization|Checked concatenation versus substring behavior; the claim is limited to joins and does not say every concatenation changes normalization.
13|UTF-8 represents Unicode scalar values using one to four bytes. ASCII characters retain their familiar single-byte values, while other values use recognizable multibyte patterns. A character's assigned number and its encoded bytes are different things, which matters when counting or processing text.|15|related_to|source_asserted|RFC 3629 sections 2–3 directly relate character numbers to their one-to-four-byte UTF-8 encodings.|utf8|Checked ASCII preservation, byte range, and distinction between scalar value and encoding; surrogate code points are not valid UTF-8 scalar values.
14|An overlong UTF-8 sequence uses more bytes than the encoding permits for a character. Accepting such sequences can make one character appear in multiple byte patterns. Security checks may reject a forbidden normal encoding yet overlook an invalid alternative that a later parser interprets identically.|13|facet_of|source_asserted|RFC 3629 sections 3 and 10 explicitly prohibit invalid overlong sequences and describe their parser-security consequences.|utf8|Checked invalidity and the bypass mechanism; no actionable exploit procedure or claim that all parsers accept such sequences.
15|A Unicode code point is a numbered position in the character space, rather than the bytes stored in a file. UTF-8 encodes valid scalar values with different byte lengths. Keeping the number separate from its encoding helps explain why counting bytes need not count characters.|13|related_to|source_asserted|RFC 3629 explicitly distinguishes character numbers from the octet sequences used to encode them.|utf8|Checked character-number terminology and variable-length storage; wording does not claim all code points are assigned characters or valid scalar values.
16|A grapheme cluster groups Unicode code points into an approximation of a user-perceived character. A letter and its combining accents may belong together, letting a cursor move over them as a unit. The default rules are useful but may require tailoring for particular scripts or editing tasks.|15|related_to|editorial|The sources distinguish abstract code points from editing-oriented groups of them; this comparison explains why text length has several legitimate units.|segmentation;utf8|Checked approximation, combining-sequence example, and explicit tailoring caveat in UAX 29; not a universal one-cluster/one-glyph equation.
17|Binary search exploits an ordered collection instead of inspecting every entry. It repeatedly narrows the range that could contain a requested key. SQLite's row lookup illustrates the payoff: search effort grows logarithmically with the number of records, rather than in proportion to the entire table.|18|related_to|editorial|SQLite's query-planner examples connect ordered binary searches with covering indexes, which avoid an additional lookup in the original table.|queryplanner;nist-binary-search|Checked sorted-key requirement and logarithmic comparison with a scan; the card avoids the source's illustrative numerical speed estimate as a universal benchmark.
18|A covering index contains every column a particular query needs, including its output columns. The database can answer that query from the index without looking up matching rows in the original table. Whether an index covers a query therefore depends on that query's requested information.|22|facet_of|editorial|This index design changes how a database retrieves selected columns; it is an implementation facet rather than a synonym for the database itself.|queryplanner;sqliteabout|Checked search-plus-output coverage and eliminated table lookup; an index can cover one query without covering every query.
19|A multi-column index orders records using several fields together. In SQLite's fruit example, indexing fruit and state lets the database locate California oranges directly instead of first finding all oranges and rejecting other states. Column order determines how that combined ordering can be used.|22|facet_of|editorial|Composite ordering is a particular database access structure; the fruit-and-state example supports the concrete retrieval mechanism.|queryplanner;sqliteabout|Checked combined conditions and ordered index columns; no blanket guarantee that any column order accelerates every query.
20|Shannon's 1948 paper, A Mathematical Theory of Communication, framed communication as selecting and reproducing messages from possible alternatives. It separated that engineering problem from what messages mean to people. Its logarithmic measure also explained why base-two units could conveniently be called bits.|1|related_to|editorial|The paper's formulation supplies a historically specific route into the broader field of information theory, without treating work and field as equivalent identities.|shannon|Checked title, date, engineering-versus-semantics distinction, and bits passage; no unsupported sole-inventor claim.
21|Distributed systems spread computation across machines that communicate over a network. Keeping their work coordinated becomes difficult when messages are delayed or machines fail. Replicated state machines offer one approach: replicas agree on commands and execute them in the same order to maintain matching results.|30|related_to|editorial|The Raft paper's replicated-state-machine discussion gives one concrete coordination approach within the broad distributed-systems field.|raft|Checked ordered deterministic execution and failure context; not all distributed systems use replicated state machines or promise identical state.
22|A database organizes stored information so programs can retrieve and change it systematically. Tables can hold related records, while indexes help find selected entries. SQLite illustrates another useful feature: transactions group changes so applications can treat several updates as a coherent operation.|24|related_to|source_asserted|SQLite's official description explicitly identifies the software as a transactional SQL database engine containing tables and indexes.|sqliteabout;queryplanner|Checked tables, indexes, and transactions in SQLite as an example; not all databases are asserted to use the relational model.
23|SQL lets a program describe the data it wants rather than prescribe every retrieval step. The database's query planner chooses an execution strategy, such as scanning a table or using an index. The same requested result can therefore be produced through different underlying algorithms.|22|related_to|source_asserted|SQLite's query-planner overview explicitly explains SQL's declarative role and the database engine's choice of retrieval algorithm.|queryplanner|Checked declarative query semantics and planner alternatives; the description is about querying, not every SQL operation or implementation.
24|SQLite embeds a transactional SQL database engine inside an application. It reads and writes ordinary files without a separate database server process, and a complete database can occupy one file. That design makes a database library useful where an application would otherwise manage its own file format.|22|related_to|source_asserted|SQLite's About page directly states that it is an embedded, serverless SQL database engine and discusses its application-file-format role.|sqliteabout|Checked in-process operation, absent separate server, and single-file storage; no claim that transient journal files never exist.
25|Atomic commit makes a transaction's changes appear all-or-nothing, even though storage writes occur one after another. SQLite uses recovery mechanisms to preserve that appearance across crashes or power failures. The guarantee concerns which changes take effect, rather than requiring hardware to write everything simultaneously.|26|related_to|source_asserted|SQLite's atomic-commit documentation explains rollback journals as the recovery mechanism used for atomic commit in rollback mode.|atomiccommit;sqliteisolation|Checked all-or-nothing meaning and sequential hardware writes; crash safety remains subject to the documented storage assumptions.
26|A rollback journal saves original database content before a transaction overwrites it. If the transaction must be undone, the saved content can restore the earlier state. This differs from a write-ahead log, which preserves the main database while appending the new changes elsewhere.|25|application_of|editorial|The saved-original-content mechanism is a concrete way SQLite realizes atomic commit in rollback mode; WAL provides a contrasting mechanism.|sqliteisolation;wal;atomiccommit|Checked old-versus-new content distinction and restoration purpose; not described as a permanent historical audit log.
27|Write-ahead logging appends new database changes to a separate log instead of immediately overwriting the main file. In SQLite's WAL mode, a commit record marks completion, and readers can continue using an earlier view. Later checkpointing moves committed changes back into the database.|29|related_to|source_asserted|SQLite's WAL documentation explicitly identifies checkpointing as the operation that transfers committed log content into the database.|wal|Checked append, commit marker, concurrent-reader mechanism, and later checkpoint; not a claim that arbitrary network filesystems support SQLite WAL.
28|Snapshot isolation gives a transaction a stable view of data while other transactions may commit changes. SQLite's WAL readers keep seeing their earlier snapshot until they start a new transaction. A stable snapshot describes visibility; by itself, that description does not establish every system's serializability guarantees.|27|related_to|source_asserted|SQLite's isolation documentation explicitly states that WAL mode exposes snapshot isolation to readers and explains the unchanged read view.|sqliteisolation;wal|Checked the stable-view example and preserved the reviewer's distinction from serializable snapshot isolation; no universal serializability claim.
29|A WAL checkpoint transfers committed changes from a write-ahead log into the main database file. It is a separate operation from reading, writing, or committing a transaction. SQLite can schedule checkpoints automatically or let applications control when they run to manage the accumulated log.|27|facet_of|source_asserted|The WAL documentation names checkpointing as a distinct operation within the write-ahead-log approach.|wal|Checked transfer direction and automatic/application-controlled timing; no claim that checkpointing must occur on every commit.
30|A replicated state machine keeps several machines consistent by giving them the same ordered commands. If each replica executes those commands deterministically, their states and outputs match. The difficult coordination work is agreeing on the log despite failures, rather than independently guessing what state each machine should hold.|35|related_to|source_asserted|Section 2 of the Raft paper explicitly implements replicated state machines using a replicated log of deterministic commands.|raft|Checked same order and determinism conditions; replicas do not stay identical merely because software is copied onto them.
31|Raft manages a replicated log by electing a leader that receives commands and sends entries to followers. Its design separates leader election, log replication, and safety rules. This decomposition was chosen to make the protocol easier to understand while preserving agreement when machines stop or become disconnected.|32|application_of|source_asserted|The Raft paper explicitly presents the algorithm as a solution to consensus for a replicated log under non-Byzantine failures.|raft|Checked leader role and design decomposition; failure language excludes arbitrary malicious behavior and does not promise availability during every partition.
32|Replicated-log consensus lets machines agree on an ordered command history despite crash failures and unreliable communication. Practical protocols preserve safety under delays and partitions, but remain available only while a suitable majority can communicate. Agreement here concerns replicated commands, not every form of collective decision-making.|21|facet_of|editorial|The bounded crash-fault replicated-log problem is a specific coordination problem within distributed systems, with the failure model made explicit.|raft|Checked the paper's non-Byzantine safety and communicating-majority availability conditions; retained the centrally approved bounded label and ID.
33|Raft randomizes election timeouts so followers are less likely to start competing elections simultaneously. After a split vote, candidates wait for new randomized timeouts before trying again. Spreading their attempts helps one candidate obtain a majority before others begin another round.|31|facet_of|source_asserted|Raft section 5.2 explicitly uses randomized election timeouts to reduce and resolve split votes.|raft|Checked probabilistic reduction, retry timing, and majority election; not presented as a deterministic deadline guarantee.
34|Raft changes membership through a transitional joint configuration. Decisions during that phase require separate majorities of both the old and new configurations. This prevents the two memberships from making incompatible decisions independently while allowing servers to learn about the change at different times.|31|facet_of|source_asserted|Section 6 explicitly defines joint consensus as Raft's transitional membership-change mechanism requiring both majorities.|raft|Checked old/new majority requirements and asynchronous transition; not reduced to a majority of the combined membership.
35|A replicated log records commands in a shared order across machines. In Raft, a leader sends entries to followers and uses log information to identify disagreements. Committed entries can then drive deterministic state machines, separating the agreement on history from execution of that history.|30|related_to|source_asserted|The Raft paper connects consistent replicated logs to ordered execution by replicated state machines.|raft|Checked ordered commands, leader replication, and committed execution; temporary follower differences are not incorrectly denied.
36|An HTTP method is idempotent when repeating an identical request has the same intended server effect as performing it once. Responses may differ, and servers may still log each attempt. The property helps clients decide when retrying after an interrupted connection will avoid multiplying the requested change.|38|related_to|editorial|Idempotency addresses repeated intended effects, whereas If-Match addresses intervening representation changes; the RFC defines these distinct safeguards for uncertain updates.|http|Checked intended-effect scope, distinct responses and incidental logging; no blanket authorization to retry every HTTP method.
37|An HTTP entity tag is an opaque label identifying a particular representation for validation. A server may derive it from a version number, hash, or another method, while clients simply compare tags. Strong and weak tags support different comparisons; an ETag need not reveal its construction.|38|related_to|source_asserted|RFC 9110 section 13.1.1 explicitly uses entity tags in If-Match conditions and requires strong comparison.|http|Checked opacity, implementation freedom, and weak/strong distinction; tags are not necessarily content hashes or globally unique IDs.
38|An HTTP If-Match condition can require a representation to retain a matching entity tag before an update proceeds. If someone else has changed it, the precondition can stop an accidental overwrite. The check tests the version instead of assuming the client's earlier copy is current.|37|application_of|source_asserted|The If-Match definition explicitly applies strong entity-tag comparison to prevent accidental overwrites of intervening changes.|http|Checked strong entity-tag comparison and lost-update purpose. The card says can require a matching tag because the separate wildcard form checks existence, rather than an exact version.
39|TCP slow start probes how much data a connection can have outstanding by growing its congestion window as new data is acknowledged. Growth continues until a threshold or congestion changes the behavior. Despite its name, this phase can expand sending quickly rather than increasing by a fixed amount per round.|40|facet_of|source_asserted|RFC 5681 section 3.1 defines slow start through acknowledgment-driven changes to the congestion window and its threshold.|tcp|Checked growth per acknowledgment and threshold/congestion stopping conditions; avoided a rigid doubling claim dependent on acknowledgment behavior.
40|TCP's congestion window limits how much unacknowledged data a sender injects into the network. It is separate from the receiver's advertised window, which reflects receiver-side capacity. The smaller limit constrains sending, so available space at the receiver does not by itself justify faster transmission.|39|related_to|source_asserted|RFC 5681 defines the congestion window and then uses it as the state variable adjusted by slow start.|tcp|Checked sender versus receiver limits and their minimum; congestion control is not equated with receiver flow control.
41|Computer security concerns who can use or change a system and its stored information. Protection mechanisms turn that goal into checks on access and authority. A secure design must consider unusual paths such as recovery and maintenance, because ordinary successful use may never expose an unintended access route.|45|related_to|source_asserted|Saltzer and Schroeder define information protection and identify complete mediation across normal and exceptional system operations as a design principle.|saltzerintro;saltzer|Checked the protection focus and exceptional paths; the card does not claim access control exhausts all modern security concerns.
42|Cryptography uses keyed mathematical techniques to protect information and verify messages or participants. Encryption can hide content, while authentication and integrity mechanisms help detect impersonation or alteration. TLS illustrates how several cryptographic tools are combined into a communication protocol rather than relying on secrecy of the design.|55|related_to|editorial|TLS provides a concrete protocol combining encryption, authentication and integrity goals; Saltzer's open-design principle clarifies the distinction between public mechanisms and secret keys.|tls;saltzer|Checked TLS security goals and key/design distinction; encryption alone is not claimed to provide every cryptographic property.
43|Least privilege gives each user or program only the authority needed for its job. If an error or misuse occurs, fewer permissions limit what can be damaged. The principle also reduces the number of privileged components that must be examined when investigating an unexpected access path.|41|facet_of|source_asserted|Saltzer and Schroeder explicitly list least privilege among the basic design principles for protecting information in computer systems.|saltzer|Checked minimum necessary authority, limiting damage, and reducing privileged interactions; least privilege is not a guarantee that permitted actions are harmless.
44|Fail-safe defaults make lack of permission the starting point for access decisions. A system grants access only when a rule explicitly permits it. If a permission rule is missing or incomplete, the design tends to deny access instead of accidentally creating an unprotected opening.|41|facet_of|source_asserted|The protection paper explicitly names permission-based default denial as a security design principle.|saltzer|Checked allow-by-rule versus exclusion-list design; fail-safe here concerns authorization defaults, not every conceivable hardware failure.
45|Complete mediation requires checking authority for every access to every protected object. The requirement includes initialization, recovery, and maintenance, not only the usual operation path. A bypass can undermine an otherwise careful permission system, so identifying the source of each request is part of the problem.|41|facet_of|source_asserted|Saltzer and Schroeder explicitly define complete mediation as an information-protection principle covering all access paths.|saltzer|Checked the every-access rule and exceptional operations; no unsupported advice to discard valid authorization caching without considering its correctness.
46|Separation of privilege requires more than one independent authority for a protected action. Splitting the necessary keys between different people, programs, or organizations means a single accident or breach need not suffice. It is different from merely assigning one powerful user a more complicated password.|43|related_to|editorial|Separating required authorities and minimizing each participant's authority are distinct security design choices described in the same source.|saltzer|Checked independent keys and separate responsibility; the comparison distinguishes multiple authorities from complexity of one credential.
47|Open security design keeps protection from depending on attackers being ignorant of how the mechanism works. Specific keys or passwords remain secret instead. This separation allows the design to be examined by reviewers without assuming that publishing its structure necessarily defeats the protection.|42|related_to|editorial|The source explicitly contrasts open mechanisms with protected keys; cryptographic protocols offer a concrete setting for exploring that distinction.|saltzer;tls|Checked public mechanism versus secret key; openness is not claimed sufficient for security or a reason to disclose credentials.
48|Economy of mechanism asks security designers to keep protection mechanisms small and simple. Hidden access paths may escape notice during normal use, so extra complexity makes careful examination harder. The aim is a design whose safeguards can be understood and checked, rather than complexity mistaken for protection.|41|facet_of|source_asserted|Saltzer and Schroeder directly identify economy of mechanism as a foundational protection-design principle and explain its error-detection rationale.|saltzer|Checked the simplicity and unnoticed-access-path rationale; not a claim that the shortest possible system is always safest.
49|Capability-based security represents authority with an unforgeable ticket for a particular object. Presenting the ticket demonstrates permission to access that object. This organizes protection around what a principal possesses, rather than asking every object to maintain a list of all principals allowed to use it.|50|related_to|editorial|The paper's glossary contrasts ticket-oriented capabilities with object-centered access-control lists; this is a comparison, not an equivalence or prerequisite.|saltzerintro|Checked unforgeable object-specific authority and ticket-versus-list distinction; no claim that an ordinary copyable identifier is a secure capability.
50|An access control list associates a protected object with the principals permitted to use it. When access is requested, that object-centered list helps determine authority. This differs from a capability system, where a principal presents an unforgeable ticket naming the object and conveying access authority.|49|related_to|editorial|The glossary's list-oriented and ticket-oriented descriptions provide the factual basis for contrasting two arrangements of authority.|saltzerintro|Checked object-to-principal list meaning and contrast with capabilities; no assumption that every list has identical permission syntax.
51|Password salting adds a separate value when a password is hashed for storage. Different salts help prevent equal passwords from routinely producing equal stored hashes. A suitable password-hashing scheme also makes each guess costly; salting and computational expense address different parts of an offline guessing attack.|42|application_of|editorial|NIST's salted password-hashing process applies cryptographic transformations to password storage rather than encrypting a message for later reading.|nist;tls|Checked salt collision minimization, stored salt/hash pair, and cost factor; no claim that salt alone makes weak passwords safe.
52|Authentication rate limiting restricts repeated failed login attempts. A verifier might impose waiting periods or disable an authenticator after too many failures. These controls make online guessing harder, but designers must also consider attackers who deliberately trigger the limit to lock out legitimate users.|41|facet_of|editorial|Limiting online authentication guesses protects access decisions; NIST explicitly discusses both guessing resistance and malicious lockout risks.|nist;saltzerintro|Checked throttling, increasing waits, disabling, and lockout tradeoff; no fixed attempt count is presented as a universal recommendation.
53|Replay-resistant authentication makes a recorded earlier exchange insufficient for another successful login. Fresh challenges, nonces, or appropriately checked one-time outputs can demonstrate that an exchange is current. A reusable password alone lacks that property because the same secret is presented again each time.|54|related_to|editorial|NIST distinguishes freshness against replay from binding authentication to the legitimate verifier against phishing; neither property is treated as a synonym for the other.|nist|Checked replay definition, freshness mechanisms, and password contrast; one-time outputs require proper verification rather than automatic safety from their name.
54|Phishing-resistant authentication binds the authentication process to the legitimate verifier or communication channel. An impostor cannot simply relay a captured output to sign in elsewhere. NIST therefore distinguishes cryptographic verifier binding from manually entered one-time codes, whose outputs can be relayed despite being temporary.|53|related_to|editorial|The same NIST guideline separates verifier/channel binding from replay freshness, supporting a precise comparison of these protections.|nist|Checked channel/name binding and manually entered output limitation; no claim that user vigilance or a short-lived code alone provides phishing resistance.
55|TLS 1.3 is a protocol for establishing authenticated, encrypted communication. Its redesign removed static RSA and static Diffie–Hellman key exchange, so its public-key exchange modes provide forward secrecy. Other modes have different properties, and early data requires particular care about replay and weaker security guarantees.|56|related_to|source_asserted|RFC 8446 explicitly connects its public-key exchange redesign to forward secrecy and separately qualifies PSK and early-data modes.|tls|Checked public-key scope and mode exceptions in sections 1.2, 2.2–2.3 and Appendix E; not every TLS 1.3 exchange is assigned identical guarantees.
56|Forward secrecy limits the damage from later compromise of a long-term key. In an appropriate protocol mode, revealing that key after a handshake does not reveal the earlier session key. The guarantee depends on conditions such as erasing session secrets; it does not cover every pre-shared-key mode.|55|related_to|source_asserted|RFC 8446 Appendix E explicitly defines forward secrecy relative to long-term keys and names a PSK mode that lacks it.|tls|Checked compromise timing, erased session-key condition, and PSK-only exception; secrecy is not promised after the session key itself is exposed.
57|Grace Hopper helped develop early compilers and compiler-based languages, then played an important role in defining COBOL. Her career shows a change in programming practice: building tools and shared language specifications that made computers easier to program, rather than treating every task only as machine-level calculation.|23|related_to|editorial|Hopper's work on easier programming languages and SQL's declarative query design provide distinct examples of tools that let programmers express intent at a higher level.|hopper;queryplanner|Checked early compiler work and the 1959 COBOL role; avoided claiming she alone invented the first compiler or authored SQL.
58|Manchester's experimental Baby computer tested a way to store data electronically in cathode-ray tubes. Patterns of dots represented binary information, including a program held in memory. Its successful run in 1948 demonstrated a stored-program approach that made changing a task different from rewiring a machine.|59|related_to|editorial|The museum's stored-program explanation and ENIAC's documented cable-and-switch setup support a historical comparison of how programs were configured.|baby;eniac|Checked CRT storage, program-in-memory purpose, and 1948 run; comparison concerns these documented configurations rather than every later version of ENIAC.
59|ENIAC performed calculations electronically, yet setting it up for a new problem could take days of connecting wires and adjusting switches. Its history separates calculation speed from programming effort. Maintaining nearly 18,000 vacuum tubes created another practical challenge that technicians gradually learned to handle more efficiently.|58|related_to|editorial|ENIAC's initial physical configuration process contrasts with Baby's stored-program experiment; both illustrate that program representation matters as well as calculation speed.|eniac;baby|Checked electronic operation, setup time, approximate tube count, and maintenance learning; no unsupported total-calculations superlative is repeated.
60|The Morris worm spread across the early Internet in 1988 and disrupted computers and services without destroying their files. Its impact illustrates that availability can fail even when stored data remains intact. The incident also prompted organized response efforts, including an early computer emergency response team.|41|related_to|editorial|The FBI's account of disruption without file destruction provides a concrete case for considering service availability within computer protection.|morris;saltzerintro|Checked year, self-propagation, absence of file destruction, service disruption and response-team consequence; no detailed exploit instructions or precise uncertain damage totals.
61|Linguistics investigates how people actually use language, rather than simply declaring which usages they ought to prefer. Researchers compare patterns and test possible explanations against observations. A word that sounds impossible in a language can be informative evidence about its structure, even when no rule was explicitly taught.|62|related_to|editorial|The descriptive scientific approach becomes concrete in phonology's investigation of permitted sound combinations and recurring pronunciation patterns.|linguistics;phonemes|Checked empirical versus prescriptive distinction and possible-word judgments; not every intuition is treated as unbiased or sufficient evidence alone.
62|Phonology studies the patterns that organize a language's sounds or signs. Physical units cannot necessarily combine in every order, and neighboring units may change their realization. An important task is distinguishing meaning-changing contrasts from different pronunciations that speakers treat as versions of the same unit.|61|broader_topic|editorial|Phonology's investigation of organized sound/sign patterns is a specific direction within the broader empirical study of language.|phonemes;linguistics|Checked phonotactic patterns, physical-versus-abstract units, and modality caveat; phonology is not reduced to the mechanics of producing speech sounds.
63|Morphology studies how words are built from smaller units of form and meaning. English cats combines cat with a plural ending, while some languages pack sentence-like information into one word. The order and combination of these pieces are constrained, rather than being freely interchangeable.|61|broader_topic|source_asserted|The chapter explicitly introduces morphology as the study of word structure within linguistics and gives multi-morpheme examples.|morphology|Checked word-building definition, cats example, complex words across languages, and order constraint; no claim that spelling spaces reliably define every word.
64|A minimal pair consists of two words differing in one sound position while the remaining sounds stay the same. A meaning difference, such as English pill versus kill, provides evidence that the contrasting sounds belong to different phonemes. Failing to find a pair does not establish equivalence.|62|facet_of|source_asserted|The phonology chapter explicitly presents minimal pairs as evidence for contrastive distribution and phoneme analysis.|minimalpair;phonemes|Checked the pill/kill example and evidential asymmetry: a pair establishes contrast, but missing pairs may require other evidence.
65|Allophones are physically different realizations of one phoneme. In many North American English varieties, the consonant in atom differs from the aspirated consonant in atomic, yet both are analyzed as versions of /t/. Their distribution depends partly on the surrounding sounds and stress pattern.|62|facet_of|source_asserted|Section 4.1 explicitly identifies determining phonemes, allophones, and their environments as a central task of phonology.|phonemes|Checked atom/atomic and stress environment; retained variety qualification and avoided claiming the analysis is the only possible theoretical treatment.
66|Two sounds have complementary distribution when they occur in nonoverlapping environments. That can help identify allophones, but it is not enough by itself: English /h/ and /ŋ/ also occupy different environments for many speakers. Phonetic similarity and broader patterns help determine whether sounds belong together.|65|related_to|source_asserted|The source directly contrasts complementary distributions that do and do not justify grouping sounds as allophones of one phoneme.|complementary;phonemes|Checked h/ŋ counterexample and need for additional evidence; did not equate complementary distribution automatically with allophony.
67|Allomorphs are different forms expressing one morpheme. English a and an vary with the following sound, while plural forms show both predictable sound changes and word-specific patterns. Recognizing the shared grammatical function helps distinguish this variation from entirely different morphemes that merely resemble each other.|63|facet_of|source_asserted|The morphology chapter explicitly presents allomorphy as variation in a morpheme's form while its function remains consistent.|allomorphy;morphology|Checked a/an, plural variants and phonological versus lexical conditioning; variation is not limited to written spelling changes.
68|Reduplication repeats part or all of a linguistic form to express a grammatical or meaning contrast. In Halq'eméylem, one pattern derives meanings such as being disposed to an action. English salad-salad provides a different example: repetition can emphasize a prototypical instance rather than simply pluralizing something.|63|facet_of|source_asserted|The source explicitly lists reduplication among morphological processes beyond affixation and supplies the two contrasting language examples.|reduplication;morphology|Checked repeated form, Halq'eméylem disposition example and English prototypicality; meanings of reduplication vary by construction and language.
69|Constituency tests investigate which words behave together as a unit inside a sentence. Replacing a group with a pronoun or moving it can supply evidence for a phrase. Different tests offer complementary clues, so a sentence's visible sequence alone need not reveal its internal structure.|70|related_to|editorial|Constituency tests supply evidence about phrase units, while structural ambiguity shows how different arrangements of those units can change interpretation.|constituency;ambiguity|Checked replacement and movement methods and unit interpretation; no single test is presented as infallible or every sequence as a constituent.
70|Structural ambiguity occurs when the same words allow different internal groupings. In I saw someone with a telescope, the telescope may be the instrument used for seeing or something the other person possessed. The difference comes from phrase attachment, without requiring a word to acquire another meaning.|71|related_to|editorial|The telescope example illustrates why semantic composition depends on how parts are grouped, not only on the meanings of individual words.|ambiguity;composition|Checked both telescope attachments and distinction from lexical ambiguity; no claim that every ambiguous expression has exactly two parses.
71|Semantic compositionality explains how unfamiliar expressions can be understood from familiar parts and the way they are combined. It applies to sentences and to complex words. Knowing each piece is not enough on its own: different structures can organize the same pieces into different meanings.|63|related_to|source_asserted|The compositionality chapter explicitly applies its principle to multi-morphemic words as well as sentences, linking meaning combination to morphology.|composition;morphology|Checked parts-plus-combination definition and complex-word application; not claimed to solve every idiom or contextual interpretation.
72|A sentence entails another when the first cannot be true while the second is false. If someone sighed, for example, they emitted a breath. Adding a denial of the entailed claim produces a contradiction, unlike a merely suggested interpretation that the speaker can cancel.|73|related_to|source_asserted|The source explicitly contrasts contradiction under denied entailments with the cancellability of implicatures using the sigh example.|entailment|Checked the truth-condition test and sigh/breath example; entailment is separated from plausible but defeasible inferences.
73|A conversational implicature is an interpretation suggested by context rather than guaranteed by the sentence's truth. Hearing that a customer sighed might suggest annoyance, yet the speaker can add that the customer was relieved. This cancellability helps distinguish an implicature from a necessary entailment.|72|related_to|source_asserted|The source directly contrasts the cancellable anger interpretation with the necessary breath entailment of sighing.|entailment|Checked context dependence and cancellation without contradiction; the card does not say a sigh always implies annoyance.
74|A presupposition presents information as already taken for granted. Saying that a restaurant stopped charging extra for guacamole assumes that it used to charge extra. Listeners can therefore learn something from the background of an utterance as well as from the change it explicitly announces.|72|related_to|source_asserted|The chapter compares presupposed background with the other meaning relations it introduces, using the restaurant's earlier charge as its example.|entailment|Checked the stopped-charging example and taken-for-granted status; avoided treating every theoretical account of presupposition as simple entailment.
75|The International Phonetic Alphabet provides a shared notation for speech sounds across languages. It avoids relying on ordinary spelling, where one letter can represent different sounds and one sound can have several spellings. Transcriptions can be broad or include finer detail, depending on the analyst's purpose.|62|related_to|editorial|The IPA records pronunciations that phonologists compare when analyzing sound patterns; notation and the organization of a language remain distinct subjects.|ipa;phonemes|Checked cross-language notation, spelling mismatch and broad/narrow transcription; the alphabet is not an ordinary writing system for one language.
76|Historical linguistics studies how languages change over time. Some variants remain stable alternatives, while others spread and replace older patterns. Comparing such changes can reveal shifts in pronunciation, grammar, or social influence, without assuming that every difference between today's speakers represents a change in progress.|83|related_to|editorial|Change from above is one supported route through which language changes historically; it is an example within the field, not its complete definition.|languagechange|Checked variation-versus-change distinction; broad language-history wording does not treat every contemporary variant as a chronological stage.
77|Variationist sociolinguistics studies language as people use it, asking how social settings and linguistic environments influence variation. Instead of imagining one perfectly uniform speaker, it examines patterns across actual speech. A person may use the same variant at different rates when chatting casually and reading aloud.|82|related_to|source_asserted|The variationist introduction and social-status example explicitly study context-dependent variant frequencies, including systematic style shifting.|variationist;socialstatus|Checked focus on usage, social/linguistic context, and casual-versus-reading example; no fixed speech stereotype is assigned to a social group.
78|A sociolinguistic interview gathers speech for studying variation. Tasks such as reading passages, pronouncing word pairs, and casual conversation can elicit different levels of self-monitoring. Researchers tailor the format to their question; an interview seeking natural conversation need not use every traditional task.|82|related_to|source_asserted|The methods chapter explicitly designs interview tasks to elicit varying self-monitoring and compare contextual styles.|variationmethods;socialstatus|Checked traditional tasks and the source's tailoring caveat; not all sociolinguistic interviews are formal question lists or identical protocols.
79|The observer's paradox in sociolinguistics is that researchers want to study how people speak when they are not being observed, yet must observe them to collect evidence. A recording or unfamiliar interviewer can change self-monitoring, so natural rapport helps but cannot guarantee completely unmonitored speech.|78|facet_of|source_asserted|The methods chapter explicitly identifies the observer's paradox as a central difficulty in obtaining vernacular speech through interviews.|variationmethods|Checked observation/self-monitoring tension and absence of a foolproof elicitation method; not equated with experimenter expectancy or socially desirable answers generally.
80|The sociolinguistic principle of accountability requires counting all occasions when a variant could occur, not only the instances that attract attention. Ten examples in one setting may represent a lower usage rate than eight in another. The relevant denominator makes comparisons across speaking contexts interpretable.|77|facet_of|source_asserted|The quantitative-analysis section explicitly names this denominator rule as a foundation of variationist sociolinguistic analysis.|variationmethods;variationist|Checked eligible alternatives and count-versus-rate distinction in the source table; no rate inferred without the opportunity denominator.
81|A sociolinguistic corpus brings together records of language use so patterns can be studied beyond one person's conversation. Collections may include interviews, letters, or other speech and writing. Which speakers and contexts are represented matters when interpreting a pattern as characteristic of a wider community.|78|related_to|source_asserted|The source describes collections of interviews as sociolinguistic corpora while also allowing written and other recorded material.|variationmethods|Checked collection types and representative sampling concern; a corpus is not automatically representative or restricted to interviews.
82|Style shifting is a change in how a speaker uses linguistic variants across situations. Labov's New York study compared casual speech with reading aloud and found systematic differences in variant frequencies. Such shifts show that describing someone's language with one unchanging social label misses variation within that person's usage.|78|related_to|source_asserted|The methods and social-status chapters explicitly connect interview contexts and Labov's casual-speech/reading comparisons to style shifting.|socialstatus;variationmethods|Checked contextual frequencies and named study; not claimed that every speaker changes in an identical direction or amount.
83|A linguistic change from above spreads with social awareness, often through adoption of a prestigious variant from outside a community. Increasing rhoticity in New York English is a textbook example. Above refers to awareness of the change, rather than simply locating its speakers at the top of society.|76|broader_topic|editorial|The source classifies this as a kind of language change; it is placed within historical linguistic inquiry without making prestige the explanation for every change.|languagechange|Checked awareness-based definition and rhoticity example; the wording avoids confusing awareness with a universal top-down social-class origin.
84|A linguistic change from below develops largely outside speakers' conscious awareness. The textbook illustrates it with the goose vowel moving forward in Canadian English. Speakers can participate in a shifting pronunciation pattern without noticing it, unlike consciously adopting a prestigious form recognized as different.|83|related_to|source_asserted|The source explicitly contrasts below-awareness system changes with socially noticed changes from above.|languagechange|Checked Canadian vowel example and conscious-awareness distinction; no claim that every unrecognized pronunciation difference is historical change.
85|The Atlas linguistique de la France turned regional speech observations into maps. Around the turn of the twentieth century, fieldwork gathered detailed transcriptions from hundreds of French locations. The atlas shows how systematically placing comparable forms on maps can make geographical variation visible rather than merely listing local words.|81|related_to|editorial|The atlas is a named collection of geographically organized language observations, providing a historical comparison with modern sociolinguistic corpora.|variationmethods|Checked survey scale, transcription and mapping; omitted the source's apparent fieldworker-name typo rather than reproducing it.
86|Fangyan is a Han-era collection of regional words associated with the scholar Yang Xiong. By recording different expressions and pronunciations across places, it preserved evidence about linguistic diversity. Later scholars used that material to infer earlier dialect groupings, showing how a vocabulary work can become historical evidence.|76|related_to|editorial|The methods chapter describes later inferences about earlier dialect groups from Fangyan, linking the particular work to historical language study.|variationmethods;languagechange|Checked regional vocabulary, Yang Xiong attribution, and later scholarly use; no unverified precise date or exhaustive dialect classification is asserted.
87|William Labov's study of New York speech compared linguistic variation with occupation, education, and income. It also examined differences between casual speech and reading. The case shows how social categories become research variables and why contextual variation must be considered alongside differences between groups.|77|related_to|source_asserted|The textbook explicitly presents Labov's study as an example of quantitative sociolinguistic analysis of social status and speaking style.|socialstatus;variationist|Checked the three social measures and two contexts; correlations are not described as proof that class causes a pronunciation.
88|Chantale Cenerini describes documenting stories with Michif and Métis communities as work that can preserve language, family histories, and locally valued knowledge. Her account emphasizes learning each community's linguistic history first. A shared national identity does not mean every community uses the same language.|89|related_to|source_asserted|Cenerini's interview directly describes her story-recording work and its language-documentation and family-legacy purposes.|michif|Checked first-person account and community-specific language histories; no universal claim about every Métis speaker or documentation project's outcome.
89|Language documentation creates records of language use and the knowledge expressed through it. Recording community stories can preserve family histories as well as linguistic forms. Such records may support future work, but making an archive is different from ensuring that people continue learning and using the language.|90|related_to|editorial|The Michif case distinguishes preserving records from choosing locally appropriate reclamation priorities; documentation and sustained use are connected but not equivalent.|michif|Checked story-recording and family-legacy functions; explicitly avoided treating documentation as sufficient evidence of revitalization.
90|Community-led language reclamation begins with a community's own history and goals. Cenerini's Michif case explains that Métis communities do not all share one language, so a uniform national approach can miss local identities. Learning what people speak and value shapes which reclamation work makes sense there.|89|related_to|editorial|Cenerini's local-history emphasis can guide the purposes of documentation; the link preserves the governance distinction instead of renaming generic revitalization.|michif|Checked the approved local-history/goals condition and multilingual-community qualification; no generic replacement of the baseline revitalization identity.
91|Peer learning develops understanding through exchanges between learners. Explaining why an answer seems right and listening to another person's reasoning can expose gaps that solitary work misses. Peer Instruction provides one structured classroom example, but the broader activity is not limited to that particular voting-and-discussion sequence.|105|related_to|source_asserted|The Peer Instruction paper explicitly describes learners explaining reasoning to each other within a collaborative classroom protocol.|peerpaper|Checked reasoning exchange and specific protocol example; no guarantee that every peer discussion corrects errors or improves learning.
92|The testing effect is the finding that recalling studied material can strengthen later retention, rather than merely measure it. Closed-book questions ask learners to retrieve an answer instead of rereading it. Corrective feedback helps when recall fails, making quizzes useful as learning activities as well as assessments.|93|related_to|editorial|The IES guide discusses retrieval and delayed re-exposure as complementary learning approaches; their mechanisms remain distinct from one another.|ies|Checked recall-versus-rereading distinction and feedback; retained baseline Testing effect identity instead of creating a duplicate retrieval-practice card.
93|The spacing effect concerns better retention when study encounters are spread out rather than crowded together. The IES guide recommends returning to important material after a delay, including through reviews or quizzes. The useful interval depends on how long the knowledge must be retained, not one universal schedule.|92|related_to|source_asserted|The guide explicitly proposes quizzes as one way to arrange delayed re-exposure, linking spacing with retrieval while distinguishing them.|ies|Checked distributed encounters and retention-interval qualification; retained Q1095859 rather than treating instructional wording as a new identity.
94|Interleaved practice mixes different kinds of problems rather than grouping one type into a long block. In the cited mathematics intervention, students had to choose a suitable strategy for each problem. The challenge is partly recognizing which method applies, not simply carrying out a method already signaled by repetition.|93|related_to|editorial|Mixing problem types concerns strategy selection, whereas spacing concerns timing of repeated encounters; the sources provide distinct instructional dimensions to compare.|interleavestudy;ies|Checked the mathematics intervention's ordering manipulation and strategy-selection rationale; not claimed effective for every subject or identical to spacing.
95|A worked example shows a solution path rather than asking a beginner to discover every step unaided. Studying examples alongside similar problems can focus attention on how the procedure works. The IES guide also notes that the appropriate amount of guidance changes as learners develop greater expertise.|96|related_to|source_asserted|The worked-example recommendation explicitly discusses gradually fading examples as expertise increases.|ies|Checked demonstrated solutions, alternating practice, and expertise qualification; no claim that worked examples should replace all problem solving.
96|Faded worked examples gradually turn a demonstrated solution into a problem the learner completes. Early steps may remain visible while later steps are removed. As expertise develops, learners supply more of the solution themselves, creating a transition from studying a model to carrying out the procedure independently.|95|facet_of|source_asserted|The guide explicitly describes fading by retaining early steps and requiring progressively more later steps from learners.|ies|Checked direction of fading and expertise-dependent increase in responsibility; not merely shortening an explanation arbitrarily.
97|Coordinating graphics with verbal explanations helps learners connect what an image shows with the process being described. Relevant labels can sit close to the visual elements they explain. Decorative or overly detailed pictures may distract instead, so the principle concerns meaningful integration rather than adding images indiscriminately.|98|related_to|editorial|The guide links visual/verbal integration with connections between representations, while the second method specifically connects concrete examples to abstract ideas.|ies|Checked near-element labels, relevant graphics, and distracting-detail caveat; no visual/verbal learning-style categories are implied.
98|Connecting concrete and abstract representations means explicitly showing how familiar examples correspond to symbols or general concepts. Without that bridge, learners may manipulate a formula yet struggle to apply it elsewhere. Comparing several representations can direct attention away from surface details toward the underlying relation.|97|related_to|editorial|The guide's mapping between examples and abstract symbols complements, but is not identical to, coordinating words and pictures.|ies|Checked explicit mappings and risk of inert knowledge; transfer is a goal of the method, not an automatic outcome in every setting.
99|Prequestioning asks learners questions before they encounter new material. This can activate relevant knowledge and direct attention to what they need to learn. The cited guide cautions that selective reading may neglect material not covered by the questions, and its classroom evidence for this recommendation was limited.|92|related_to|editorial|Questions before exposure differ from retrieving already studied material; contrasting them prevents all uses of quizzes being treated as one testing mechanism.|ies|Checked pre-exposure timing, attention rationale, nonquestioned-material risk, and the guide's low-evidence classification rather than asserting a universal benefit.
100|A delayed judgment of learning asks someone to estimate future recall after time away from the material, using a cue without the answer visible. The delay reduces reliance on immediate familiarity. The cited guide treats this as promising for allocating study, while noting limited classroom evidence.|102|related_to|editorial|Both approaches use information to guide subsequent learning, but a learner's delayed recall estimate is distinct from the broader formative use of assessment evidence.|ies;formative|Checked delay, cue-only access, prospective judgment, and low classroom-evidence rating; not equated with an immediate confidence rating or actual test performance.
101|Self-explanation asks learners to produce their own account of why an idea or solution works. The aim is to connect steps to causes, principles, or reasons rather than merely say them aloud. The IES guide encourages explanatory questions and feedback instead of treating repetition of an answer as understanding.|95|related_to|editorial|Explaining why steps work can complement studying a worked solution; the guide treats explanation generation and displayed examples as different instructional supports.|ies|Checked deep causal/logical explanations and think-aloud guidance; simple verbatim repetition is not equated with the explanatory process, without claiming that repetition has no other learning use.
102|Formative assessment uses evidence during learning to improve what happens next. An instructor may identify a misconception and adjust teaching, while a learner redirects study. The defining feature is this feedback purpose: even information from a final exam can later be used formatively in another course.|103|related_to|editorial|Mastery learning uses checks and corrective support to guide progression, providing a specific comparison with formative assessment's broader feedback purpose.|formative;mastery|Checked ongoing feedback and later formative use of summative information; low stakes is typical rather than a necessary definition.
103|Mastery learning holds intended outcomes steady while allowing time and support to vary. Learners work through units, demonstrate sufficient understanding, and receive additional help when needed before progressing. Approaches differ in their thresholds and organization, so aiming for mastery is not itself one uniform teaching procedure.|102|application_of|editorial|Using unit-test evidence to provide corrective support before progression applies the formative feedback idea within a particular instructional model.|mastery;formative|Checked fixed goals, variable time/support and variation among implementations; avoided conflating mastery learning with every approach called teaching for mastery.
104|Eric Mazur's work on Peer Instruction helped redesign introductory physics lectures around students' reasoning. In the reported courses, learners answered conceptual questions individually, discussed their explanations, and voted again. The case makes a teaching method inspectable through its sequence of activities rather than a lecturer's reputation alone.|105|related_to|source_asserted|The coauthored paper directly documents Mazur's implementation of Peer Instruction and describes its question/discussion/revote sequence.|peerpaper|Checked coauthorship and course design; did not attribute every result solely to discussion because other course elements also changed.
105|Peer Instruction inserts conceptual questions into a lecture. Students first commit to individual answers, explain their reasoning to nearby peers, then answer again before the instructor explains. The sequence gives discussion a specific job: compare reasons and reconsider an answer, rather than simply listen to another mini-lecture.|91|application_of|source_asserted|The paper directly describes structured peer explanation as the central collaborative activity within its classroom protocol.|peerpaper|Checked initial answer, discussion, second poll and instructor feedback; not claimed that all answers improve or that every peer-learning format follows this protocol.
106|Economics studies how people and societies make choices when resources are limited. Specialization can increase what people produce, but it also makes them depend on exchange and coordination. Studying those choices includes asking how information, incentives, and institutions affect whether the potential gains are actually realized.|107|related_to|editorial|The introductory scarcity-and-exchange framework leads to the specific question of how unequal information can obstruct mutually beneficial transactions.|economics;asymmetric|Checked scarcity and specialization from the introduction and information-related trade obstacles from section 16.1; no claim that monetary value measures every human goal.
107|Information asymmetry occurs when one party to a transaction knows more relevant information than another. A used-car seller may know defects the buyer cannot readily observe. This differs from shared uncertainty: both parties can lack information, but asymmetry describes an unequal distribution of what they know.|108|related_to|source_asserted|The insurance chapter explicitly links privately known risk to adverse selection, providing a concrete consequence of information asymmetry.|asymmetric;insurance|Checked unequal versus incomplete information and used-car example; unequal knowledge need not imply deliberate dishonesty in every transaction.
108|Adverse selection can arise when insurance buyers know more about their own risk than the insurer. A pooled premium may attract high-risk buyers while discouraging lower-risk ones. The changing mix can then raise average claims, making coverage harder to price even before anyone changes their behavior.|109|related_to|editorial|The insurance source contrasts hidden-risk selection with behavior changes after coverage; the comparison separates two different information problems.|insurance|Checked buyer composition, pooled pricing and before-versus-after agreement distinction; not every insurance pool is claimed to unravel.
109|Moral hazard describes how protection from consequences can change behavior after an agreement. Insurance may reduce the incentive to prevent a loss when another party pays much of the cost. Insurers use monitoring and cost sharing to address this problem, although they cannot observe every risky action.|116|related_to|source_asserted|The insurance chapter explicitly presents deductibles and other cost-sharing arrangements as ways to reduce moral-hazard incentives.|insurance|Checked incentive mechanism, limited observation and mitigation; avoided using the term as a judgment about a person's moral character.
110|Economic signaling uses observable actions or credentials to convey information about less visible qualities. A prospective worker's qualifications may help an employer infer preparation or persistence. The signal does not remove all uncertainty; it offers evidence about something the employer cannot fully observe before hiring.|111|related_to|editorial|The source's credential and employer-investigation examples support distinguishing information supplied by the informed party from screening initiated by the less-informed party.|asymmetric|Checked credential-as-signal example and remaining uncertainty; not claimed that a credential perfectly measures ability or always forms a separating equilibrium.
111|Screening is an effort by the less-informed side of a transaction to learn relevant hidden characteristics. A buyer may have a mechanic inspect a used car, or an employer may check references. This reverses the initiative in signaling, where the better-informed party supplies an observable indication.|110|related_to|editorial|The inspected examples distinguish the investigator's effort to gather information from the informed party's presentation of a signal.|asymmetric|Checked mechanic inspection, employer inquiries and direction of initiative; did not import unsupported contract-menu claims from inaccessible Nobel pages.
112|A seller's reputation can make future business depend on how current customers are treated. Passing off a poor-quality product may earn money now but lose repeat customers and recommendations later. This gives buyers a reason to consider the seller's ongoing stake, alongside the product they can inspect.|113|related_to|source_asserted|The textbook explicitly discusses reputation together with guarantees, warranties and service contracts as responses to buyers' quality uncertainty.|asymmetric|Checked short-term versus future-business incentives and repeat-customer mechanism; reputation is not treated as proof that a product is good.
113|A warranty promises specified repair or replacement if a product fails within agreed conditions. It reduces the need for buyers to verify every aspect of quality before purchase by assigning some consequences to the seller. Its protection depends on the actual terms, rather than the label alone.|107|related_to|editorial|The textbook presents warranties as an explicit response to quality uncertainty between buyers and sellers; the response is distinct from the information gap itself.|asymmetric|Checked repair/replacement commitment and time qualification; no assertion that warranties eliminate hidden defects or cover every possible failure.
114|Risk pooling combines many people's uncertain losses so premiums can fund the claims that actually occur. An individual may face a large bill even when the group's average loss is manageable. How people are grouped and priced matters, especially when their risks differ or are privately known.|115|related_to|source_asserted|The insurance example moves from pooled losses to premiums based on expected claims and distinguishes actuarially fair pricing.|insurance|Checked shared premiums and average loss example; pooling is not said to remove all correlated or catastrophic risk.
115|Actuarially fair insurance charges a premium equal to the expected claim payment for the relevant risk group. It is a benchmark, not necessarily the price an insurer can sustainably offer. Administration, other business costs, and profit require additional funding beyond that expected-claims amount.|114|related_to|source_asserted|The source explicitly derives insurance premiums from group losses before distinguishing expected claims from operating costs and profit.|insurance|Checked expected payment definition and excluded expense/profit loading; fairness here is a technical pricing term rather than an ethical verdict.
116|An insurance deductible is an amount the policyholder pays before specified coverage starts paying. It leaves some loss with the insured party instead of transferring every cost to the insurer. In the textbook's incentive account, retaining that stake can discourage risk-taking that full coverage might otherwise encourage.|109|related_to|source_asserted|The moral-hazard section explicitly identifies deductibles as a cost-sharing method intended to preserve incentives to avoid losses.|insurance|Checked threshold structure and qualified incentive rationale; not advice about an appropriate deductible for any person or policy.
117|Coinsurance divides a covered cost by percentages between an insurer and the insured party. If coverage pays eighty percent, the other share remains with the policyholder. This differs from a deductible's initial threshold and a copayment's fixed charge for a covered service.|116|related_to|source_asserted|The textbook directly contrasts percentage sharing with deductibles and fixed copayments within its cost-sharing discussion.|insurance|Checked percentage example and distinction among the three mechanisms; no claim about the exact ordering or combination of charges in a particular contract.
118|A financial bond is a debt security: investors lend money to an issuer under specified payment terms. Those terms typically cover interest and repayment of principal at maturity. The issuer can default, so a contractual promise to repay differs from a guarantee of receiving the money.|119|related_to|source_asserted|Investor.gov explicitly lists interest-rate risk among the risks of bonds and explains the effect on an older bond's resale value.|bonds|Checked debt, issuer payments, maturity and default against Investor.gov; interest is qualified as typical rather than universal. The approved financial-debt identity remains separate from chemical bonding, but that cross-domain contrast is not used as an unsupported explanatory claim in this card.
119|A bond's resale value can change when market interest rates move. If newer bonds offer higher interest, an older fixed-rate bond may need to sell at a discount to attract buyers. This price risk is distinct from an issuer failing to make its promised payments.|118|facet_of|source_asserted|Investor.gov explicitly distinguishes interest-rate risk from credit risk in its bond-risk explanation.|bonds|Checked old-versus-new coupon comparison and resale qualification; not claimed that every bond has identical sensitivity or that maturity eliminates default risk.
120|In a common-value auction, the object has the same underlying value to bidders, but they may estimate it differently. A jar of coins is a simple example. Winning can then reveal that one's estimate was unusually optimistic, so the information contained in winning matters for sensible bidding.|122|related_to|source_asserted|The Yale lecture introduces the winner's curse through its common-value coin-jar auction and explains conditioning on winning.|auction|Checked shared value versus different estimates and winner information; real auctions can combine common and private components.
121|A private-value auction models each bidder's valuation as personal: learning that someone else values the object highly does not change one's own value. It is an idealized case. A house, for example, may mix personal enjoyment with resale concerns that introduce a common-value component.|120|related_to|source_asserted|The lecture explicitly contrasts the two limiting valuation models and uses housing to illustrate mixtures between them.|auction|Checked independence of personal value from others' valuations and mixed housing example; private value is not equated with secret bidding.
122|The winner's curse can occur when the highest bidder also has an unusually high estimate of a shared uncertain value. Winning provides information about how optimistic that estimate was relative to others. Accounting for this selection before bidding differs from simply paying what one's initial estimate suggested.|120|facet_of|source_asserted|The lecture develops the winner's curse specifically through common-value bidding and the information revealed by winning.|auction|Checked conditional-selection explanation; winning is not claimed to inevitably cause a loss when bidders already account for the effect.
123|In a first-price sealed-bid auction, bidders submit offers privately, the highest bidder wins, and the winner pays their own bid. The bid therefore helps determine both the chance of winning and the payment if successful. That payment rule differs from a second-price auction.|124|related_to|source_asserted|The Yale lecture directly compares highest-bid allocation with own-bid versus second-highest-bid payment rules.|auction|Checked sealed submission, highest-bid winner and own payment; no unqualified optimal-bidding formula or revenue comparison is asserted.
124|A second-price sealed-bid auction gives the item to the highest bidder but charges the second-highest bid. The allocation rule resembles a first-price auction, while the payment rule differs. Also called a Vickrey auction, it separates the winning offer from the amount the winner actually pays.|123|related_to|source_asserted|The lecture explicitly names Vickrey auctions and contrasts their payment rule with first-price sealed bidding.|auction|Checked highest-versus-second-highest distinction; truthful bidding is not asserted without its private-value assumptions.
125|An ascending open auction raises the price while bidders remain active or drop out. When only one bidder remains willing to continue, that bidder wins. Unlike sealed bids, the process makes others' continued participation visible, so the sequence itself can convey information during the auction.|123|related_to|source_asserted|The lecture contrasts open ascending participation with privately submitted sealed bids, explaining each format's sequence.|auction|Checked rising-price/dropout mechanism and observable participation; no claim that every online auction implements this exact format.
126|Organizational design arranges roles, responsibilities, and coordination so people's work fits together. An organization chart describes part of that arrangement, but managers also decide how information and resources should move. The choices influence who can make decisions and how separate activities contribute to shared purposes.|127|related_to|source_asserted|OpenStax's opening definitions connect organizational design with establishing formal roles, responsibilities and communication structures.|orgdesign|Checked arrangement and coordination meaning; retained Q3318170, Organizational architecture alias, canonical original description and full imported provenance.
127|A formal organization specifies official relationships, responsibilities, and reporting lines. Its chart shows how work is supposed to be coordinated and who is accountable for particular duties. That planned structure may differ from the informal network of people others actually consult to get things done.|128|related_to|source_asserted|The source explicitly contrasts officially defined formal relationships with emergent informal ties and their practical influence.|orgdesign|Checked planned versus emergent relationships; formal structure is not treated as a complete description of everyday behavior.
128|An informal organization consists of relationships that emerge as people work and interact. Colleagues learn whom they trust, consult, or depend on, creating a network that may not match official reporting lines. These connections can help coordination or obstruct it, depending on how they develop.|127|related_to|source_asserted|The source directly compares informal networks with the formal organization chart and notes that they can help or hinder organizational success.|orgdesign|Checked emergence, practical dependence and both positive/negative possibilities; did not treat every informal tie as evidence of an organic formal design.
129|A mechanistic organizational structure emphasizes hierarchy, defined roles, and standardized routines. These features make control and consistency central to coordination. It is one end of a design continuum, not a description of every organization with rules; real structures can combine mechanistic and more flexible features.|130|related_to|source_asserted|The source explicitly places mechanistic and organic forms at opposite ends of a continuum and allows combinations of their features.|orgdesign|Checked hierarchy, formal routines and continuum qualification; no universal claim that this structure is either best or obsolete.
130|An organic organizational structure gives people more room to coordinate and make decisions as circumstances change. Authority is less tightly concentrated, and work relies less exclusively on fixed routines. The idea describes a flexible design orientation, rather than simply naming the friendships that arise inside any workplace.|129|related_to|source_asserted|OpenStax explicitly contrasts organic flexibility and distributed decisions with mechanistic hierarchy and standardization.|orgdesign|Checked design flexibility versus informal relationships; an organic structure is not assumed to have no responsibilities, hierarchy or rules.
131|A functional organizational structure groups people by expertise, such as production, marketing, or finance. It supports specialization and clear reporting within departments. The same boundaries can create silos, making cross-department decisions slower or encouraging units to compete for resources instead of coordinating their work.|132|related_to|source_asserted|The source contrasts expertise-based departments with divisions that contain several functions around products or markets.|orgstructures|Checked specialization/reporting benefits and coordination costs; these are potential tendencies, not guaranteed outcomes in every firm.
132|A divisional structure places several functions together around a product, market, service, or region. Each division can coordinate its own activities and take clearer responsibility for its segment. The tradeoff is that divisions may become isolated, with duplicated systems and weaker coordination across the whole organization.|131|related_to|source_asserted|OpenStax explicitly describes divisions as groupings of functional departments and contrasts their local coordination with functional silos.|orgstructures|Checked grouping basis and divisional isolation; did not claim that geographic and product divisions must use identical arrangements.
133|A matrix organization gives people reporting relationships along two dimensions, commonly a function and a project. This can connect specialist departments to shared project goals. It also creates potential conflict when two managers make competing demands, so coordination depends on more than drawing intersecting lines on a chart.|126|broader_topic|source_asserted|The organizational-design chapter explicitly identifies matrix structure as one of the principal designs and explains its dual authority.|orgstructures;orgdesign|Checked simultaneous functional/project reporting and conflict risk; matrix work is not simply any cross-functional conversation.
134|A networked team structure organizes work around flexible connections among task-focused teams. Teams may initially be assigned, then find additional collaborators and resources as the work develops. The distinctive feature is this evolving task arrangement, rather than treating every informal workplace friendship as an organizational design.|126|broader_topic|source_asserted|The source explicitly lists networked team structure among organizational designs and describes teams forming useful links after initial assignment.|orgstructures;orgdesign|Checked the approved task-team distinction from informal organization and the wider organic orientation; no claim that reporting responsibilities vanish.
135|A virtual organization uses communication technologies to connect dispersed expertise and activities beyond a single stable workplace. It can draw on remote teams or outsourced functions. The flexibility also creates coordination problems: limited interaction may weaken trust and leave participants feeling isolated from colleagues or the organization.|134|related_to|source_asserted|OpenStax explicitly compares virtual structures with networked teams and distinguishes their geographical and technological organization.|orgstructures|Checked dispersion, technology dependence and qualified trust/isolation risks; not every organization using remote work is asserted to be wholly virtual.
136|Span of control concerns how many people report directly to a manager. A narrow span gives each manager fewer direct reports and can accompany more layers of hierarchy. Choosing the span is therefore part of balancing supervision and coordination, not simply choosing an impressive management title.|126|facet_of|editorial|The source treats supervisory span as a design consideration affecting hierarchy, making it a specific variable within organizational design.|orgstructures;orgdesign|Checked fewer direct reports in narrow spans; no universal optimal number or guaranteed performance advantage is claimed.
137|Organizational formalization describes how explicitly roles, duties, and accountability are defined. A highly formalized system spells them out closely; a looser one relies more on relationships that emerge through work. Formalization is a matter of degree, distinct from whether an organization has any structure at all.|126|facet_of|source_asserted|The organizational-design chapter explicitly identifies formalization as one of the dimensions managers consider when arranging structure.|orgdesign|Checked degree of definition and contrast with emergent coordination; formalization is not equated with the existence of a formal organization chart alone.
138|A principal–agent problem arises when one party depends on another's action or attributes, but their interests differ and a contract cannot fully guarantee the desired result. Employers may value effort that is hard to verify. The framework separates who wants the outcome from who controls the relevant behavior.|139|related_to|source_asserted|CORE explicitly defines principal-agent relationships in terms of behavior or attributes not guaranteed in a binding contract.|firm|Checked conflicting interests and unverifiable action; principal-agent relationships also cover hidden attributes, so the concept is not reduced to moral hazard alone.
139|A contract is incomplete when it leaves relevant actions or future circumstances outside enforceable terms. Some details are too costly to specify; others are difficult for a court to verify. Incompleteness can therefore persist even when both parties care about the outcome and have signed a detailed agreement.|138|related_to|source_asserted|CORE explicitly connects nonverifiable or unspecified contractual terms to principal-agent interactions.|firm|Checked uncertainty, specification cost and verifiability; incomplete does not merely mean unsigned, unfinished or carelessly written.
140|Employment rent is the value of keeping a job above the worker's next-best alternative, after considering its benefits and costs. Losing that surplus makes dismissal consequential. In the labor-discipline model, this can influence effort and retention, connecting wage setting to something beyond the minimum pay a worker would accept.|141|related_to|source_asserted|CORE explicitly links employment rents to staying with a firm and incentives to provide effort, then develops the efficiency-wage model.|firm|Checked job-versus-alternative surplus and model-based effort/retention channels; no blanket claim that fear of dismissal explains all work motivation.
141|An efficiency wage can exceed the worker's reservation wage because pay changes behavior as well as cost. In the labor-discipline model, a more valuable job encourages effort and makes departure less attractive. A firm weighs the wage bill against the amount of effective work it obtains.|140|application_of|editorial|The model uses the value at risk from losing a job to connect wages with effort; this applies the employment-rent mechanism to wage setting.|firm|Checked explicitly as a model, not a universal wage law; distinct from a statutory minimum wage or a claim that raising any wage always pays for itself.
142|Worker cooperatives place ownership with the people working in the enterprise. Worker-owners can choose those who manage everyday operations, so democratic oversight need not eliminate a workplace hierarchy. The important distinction is to whom managers are accountable, not whether every operational decision is made by everyone together.|126|related_to|editorial|CORE's worker-ownership and selected-manager arrangement provides a concrete case for separating governance authority from everyday organizational coordination.|firm;orgdesign|Checked ownership, manager selection and continuing hierarchy; preserved the prior worker-cooperative identity and did not generalize every example's profit-sharing formula.
143|Patronage-based surplus distribution returns cooperative benefits in proportion to members' transactions with the cooperative. This differs from distributing returns solely according to invested capital. The cooperative principles also allow surplus to support reserves, development, or other approved purposes, so member payouts are not the only permitted use.|Q4539|facet_of|source_asserted|The International Cooperative Alliance's third principle explicitly lists transaction-proportional member benefit among ways to allocate cooperative surplus.|cooperativeidentity|Checked transaction basis, alternative surplus uses and limited capital compensation; not every cooperative must distribute all surplus this way.
144|Just-in-time production coordinates making and replenishing items with when they are needed. Toyota describes a pull system in which a later process obtains parts already used from an earlier one. This aims to shorten production time and limit unnecessary stock rather than keep every machine producing continuously.|145|related_to|source_asserted|Toyota explicitly presents just-in-time and jidoka as complementary components of its production system.|toyota|Checked downstream pull and inventory/lead-time goals; no claim that all inventory is waste or that the method removes supply disruption risk.
145|Jidoka builds a response to abnormalities into production. Toyota describes machines stopping when something goes wrong, helping prevent defects from continuing unnoticed. The approach can reduce the need for someone to watch a machine constantly, linking productivity to detecting problems rather than simply increasing operating speed.|144|related_to|source_asserted|Toyota's production-system account pairs abnormality-responsive jidoka with just-in-time flow as its two central approaches.|toyota|Checked automatic stopping and reduced constant monitoring; does not claim every stopped problem is diagnosed or repaired automatically.
146|Apple's historical iPhone supply-chain example in The Economy separates product ownership, component manufacturing, and final assembly across different firms and countries. The case shows why calling a product American or Chinese can conceal several distinct production roles, rather than identifying one place where all its value was created.|147|related_to|source_asserted|The textbook explicitly identifies Foxconn as the assembler in its historical Apple supply-chain example.|firm|Checked historical framing and distinct production roles; no current supplier arrangement, percentage or national value-added estimate is asserted.
147|Foxconn appears in The Economy's historical iPhone example as a contract assembler within a wider supply chain. Components came from several other firms and countries, while Apple coordinated the product. The case distinguishes assembling a finished device from producing all its parts or owning the consumer-facing product.|146|related_to|source_asserted|The inspected textbook directly relates Foxconn's assembly role to Apple's historical product supply chain.|firm|Checked case framing and component/assembly distinction; did not assert that Foxconn currently assembles every Apple device or that assembly captures all product value.
148|OpenStax uses L.L.Bean's mail-order business as a case of selling goods customers cannot inspect beforehand. A guarantee and a reputation for quality can reduce that uncertainty. The example illustrates how trust supports remote retail, rather than establishing the company's current return policy or every customer's experience.|112|application_of|source_asserted|The textbook explicitly uses L.L.Bean to illustrate reputation and guarantees as reassurance under imperfect information.|asymmetric|Checked historical/textbook attribution and reputation mechanism; no current policy term is inferred from an older explanatory case.
149|The Panic of 1907 spread through trust companies that were important lenders but largely outside New York's clearing-house support network. Runs on their deposits disrupted wider market liquidity. The episode shows how vulnerability can grow at institutional boundaries, rather than remaining confined to the first troubled bank.|151|related_to|source_asserted|Federal Reserve History explicitly explains the clearing house's membership boundary and its role in supporting some institutions during the panic.|panic1907|Checked trust-company importance, runs and liquidity propagation; no claim that one cause alone explains the entire worldwide crisis.
150|Knickerbocker Trust Company's 1907 crisis intensified after it lost clearing support and depositors withdrew funds. Potential rescuers could not quickly establish its solvency, and the company suspended operations. The case distinguishes an urgent need for liquidity from having enough information to judge whether rescue lending is sound.|149|related_to|source_asserted|The history identifies Knickerbocker's suspension as a key event in the widening Panic of 1907.|panic1907|Checked denied support, uncertain solvency and suspension sequence; uncertainty is not rewritten as proof that the institution was insolvent.
151|During the Panic of 1907, the New York Clearing House supported member banks with loans and later loan certificates. Trust companies outside its membership initially lacked that access. The case shows how an institution can provide collective liquidity while its eligibility boundary leaves other connected institutions exposed.|149|related_to|source_asserted|The historical account explicitly describes clearing-house support, membership restrictions and loan certificates during the Panic of 1907.|panic1907|Checked member/nonmember distinction and timing; support is not represented as unlimited insurance for every institution or proof of solvency.
152|The Bretton Woods Conference in 1944 combined negotiations over exchange-rate stability with plans for new international institutions. The IMF would support countries facing payments imbalances, while a reconstruction bank had a different task. The resulting system linked adjustable national currencies to a dollar convertible into gold.|Q320863|related_to|source_asserted|Federal Reserve History identifies the conference's reconstruction institution as the precursor of what became the World Bank Group; not every later group member was created there.|bretton|Checked distinct institutional roles, adjustable rates and dollar-gold link; the conference is separate from the institutions and the later fully operating monetary system.
153|The Bank of England began in 1694 as a privately owned bank helping finance the government. It also accepted public deposits, and much later was nationalized. Its history shows that a public financial role and private ownership can coexist, rather than central banking always beginning with government ownership.|154|related_to|source_asserted|The Bank's history explicitly connects its government-banking position with competition from the South Sea Company and the 1720 crisis.|boehistory|Checked foundation, financing role, deposits and 1946 nationalization; no assertion about current governors, policies or unused legal powers.
154|The South Sea Bubble linked speculation in company shares with British government debt. The Bank of England's history describes limited actual trading but a dramatic stock-price rise after the company received part of the national debt in 1720. The subsequent crash exposed the gap between excitement and operating activity.|153|related_to|source_asserted|The Bank's history explicitly describes the South Sea Company challenging its role as government banker and national-debt holder.|boehistory|Checked debt connection, limited trade, 1720 rise and crash; avoided treating this one account as an exhaustive explanation of the episode.
155|The Rochdale Pioneers pooled scarce resources to sell basic goods through a cooperative shop in 1844. Customers became members, gained a democratic voice, and shared in profits connected with their custom. The case links retail trust and access to goods with a different arrangement of ownership and control.|Q4539|related_to|source_asserted|The International Cooperative Alliance explicitly presents the Rochdale society as an influential prototype of the modern cooperative.|coopHistory;cooperativeidentity|Checked date, pooled resources, membership and profit sharing; not claimed to be the first cooperative activity anywhere in history.
156|The International Cooperative Alliance was founded in 1895 to connect cooperatives across countries. Its initial aims included sharing information, defending common principles, and developing international trade. It illustrates how independent member enterprises can coordinate through a federation without becoming a single ordinary business under one owner.|Q4539|related_to|source_asserted|The Alliance's history expressly describes delegates from cooperatives establishing an international body to support their shared principles and trade.|coopHistory;cooperativeidentity|Checked founding aims and cooperative membership; no claim about current membership counts or authority over every cooperative.
157|Grameen Bank developed from a village-based research project in Bangladesh into a bank in 1983. Its account emphasizes lending without collateral and bringing services close to borrowers through village centers. The design changes how people reach credit; that alone does not establish every claimed effect on poverty.|Q22687|related_to|source_asserted|Grameen's official history explicitly describes its transformation into a bank and its collateral-free, locally delivered banking model.|grameen|Checked pilot-to-bank history, collateral and village access; omitted promotional success rates and causal poverty-reduction claims.
158|Toyota's official production-system account combines just-in-time flow with jidoka, the practice of responding to abnormalities. One coordinates when work and parts are needed; the other helps prevent defects from continuing unnoticed. The case presents production as linked processes, rather than equating productivity only with machines running faster.|145|application_of|source_asserted|Toyota explicitly identifies jidoka as a central component of its own production system and explains its abnormality-stopping mechanism.|toyota|Checked the two-component account and distinct functions; the company's explanation is not treated as independent proof of superiority in every setting.
159|Sakichi Toyoda's loom work connects a named invention history with jidoka. Toyota describes looms that stopped automatically when yarn broke or ran out, reducing the need for constant watching. The lesson is a design response to abnormal conditions, rather than automation understood only as continuous unattended operation.|145|related_to|source_asserted|Toyota directly traces jidoka's origin to Sakichi Toyoda's self-stopping loom developments.|toyota|Checked yarn-related stopping and historical lineage; no claim that the loom independently diagnosed or repaired the cause.
160|Kiichiro Toyoda advocated coordinating automobile parts just when they were needed while working with limited resources. Toyota's history connects that concern with just-in-time production and later downstream pull arrangements. The case shows how production timing emerged from a concrete coordination problem, rather than from simply demanding faster work.|144|related_to|source_asserted|Toyota expressly connects Kiichiro Toyoda's resource-constrained manufacturing plans with the origins of just-in-time production.|toyota|Checked the founder's timing concern and later development; did not credit one person with every subsequent Toyota-system technique.
161|Sociology studies patterns in how people interact, form groups, and organize societies. It connects small encounters with larger institutions and historical conditions. A conflict between work and family responsibilities, for example, can be examined as more than one person's private failure to manage time well.|180|related_to|editorial|The introductory field definition and the role-conflict example connect individual experiences to patterned expectations across social roles.|sociology;socialreality|Checked micro/macro scope and role-conflict example; not claimed that personal decisions are entirely determined by social structure.
162|A social network represents people or other social actors through the relationships connecting them. Looking at those links reveals patterns that a list of individuals misses. Some positions connect otherwise separate circles, while others sit inside densely linked groups, creating different opportunities for information and cooperation.|163|related_to|source_asserted|The network text explicitly uses strong and weak ties to explain how relationship structure connects local groups with wider information.|ties|Checked actors/links representation and contrasting network positions; network diagrams are models of selected relationships, not complete descriptions of people.
163|Weak ties are less-close relationships, such as acquaintances, that may connect someone to information outside their usual circle. Close friends often know many of the same people. An acquaintance can therefore provide a different route, although a tie's usefulness depends on its network position rather than weakness alone.|165|related_to|source_asserted|The chapter explicitly connects weak ties with local bridges while separating interpersonal tie strength from the mathematical edge property.|ties|Checked information access and the nonidentity of weak ties and local bridges; no claim that every acquaintance supplies novel information.
164|Triadic closure is the tendency for two people with a shared friend to become connected themselves. Meeting opportunities and social context can help such ties form. It is a pattern of network development, not a guarantee that every pair of friends-of-friends will eventually know each other.|168|related_to|source_asserted|The chapter explicitly develops the stronger formal closure property from the qualitative tendency and warns that the formal version is an extreme assumption.|ties|Checked shared-neighbor tendency and distinction from a universal rule; no inevitability or fixed time scale is asserted.
165|A local bridge connects two nodes that have no common neighbor. Removing it leaves no two-step alternative route between its endpoints; reaching the other side takes a longer path, if one exists. This precise edge property helps distinguish network-spanning connections from ties embedded among mutual friends.|169|related_to|source_asserted|The chapter explicitly states that local bridges have zero edge embeddedness because their endpoints share no neighbors.|ties|Checked no-common-neighbor definition and possible disconnection; a local bridge need not disconnect the entire graph when removed.
166|Structural holes are gaps between groups that do not otherwise interact closely. Someone whose connections span such a gap may obtain information from different circles or broker their contact. The position can offer opportunities, but it can also create conflicting expectations and incentives to preserve the gap.|163|related_to|editorial|The chapter connects brokerage across structural holes with boundary-spanning ties, while distinguishing a network position from how emotionally close a relationship is.|ties|Checked informational/brokerage opportunities and competing incentives; correlations with success are not recast as guaranteed causal rewards.
167|Betweenness centrality measures a node's or edge's share of shortest paths between other points in a network. When several shortest paths exist, their contribution is divided. This highlights potential intermediary positions that simple neighbor counts miss, while remaining a model of routes rather than a measurement of actual message traffic.|162|facet_of|editorial|Shortest-path mediation is a specific way to analyze positions in social-network representations, distinct from describing the network or counting direct ties.|ties|Checked shortest-path splitting and node/edge definitions; hypothetical flow is not claimed to be the route all real information follows.
168|The strong triadic closure property is an idealized rule: if someone has strong ties to two others, those two must have at least some tie between them. It permits deductions about network structure. The source explicitly warns that real social networks need not satisfy this rule everywhere.|164|facet_of|source_asserted|The source introduces the named property as a formal, deliberately stronger version of the qualitative triadic-closure tendency.|ties|Checked strong-to-two condition, either-strength closing edge, and explicit nonuniversality; the conditional model is not described as an observed social law.
169|Edge embeddedness counts how many common neighbors the two ends of a tie share. Mutual contacts create a social setting around the relationship and may make misconduct more visible. A local bridge has zero embeddedness, connecting people without that immediate shared-neighbor context.|165|related_to|source_asserted|The chapter directly equates zero embeddedness with the local-bridge condition and discusses mutual neighbors' reputational role.|ties|Checked shared-neighbor count and zero case; mutual friends are not claimed to ensure trust or prevent all misconduct.
170|Structural balance studies patterns of friendly and antagonistic ties. In its basic signed-triangle model, triangles with one or three positive edges count as balanced. Other combinations represent proposed tensions, such as being friends with two people who dislike each other; the model simplifies real relationships deliberately.|171|facet_of|source_asserted|The chapter explicitly develops structural balance by assigning positive and negative signs to network edges and examining triangle configurations.|balance|Checked the one-or-three-positive rule for the basic model; not confused with weaker balance variants or asserted as universal human behavior.
171|A signed social network records whether a relationship is positive or negative, rather than only whether a tie exists. This allows friendship and antagonism to appear in the same representation. Researchers can then examine configurations such as shared enemies or incompatible alliances, while recognizing that two signs simplify richer relationships.|170|related_to|source_asserted|The source introduces signed relationship graphs specifically as the representation used to investigate structural balance.|balance|Checked positive/negative interpretation and modeling simplification; no claim that all real relations fit a complete friend-or-enemy classification.
172|A dyad is a two-person social group. Its existence depends directly on both participants: when one leaves, no two-person group remains. This gives the relationship a different structure from a larger group, where some members can continue interacting after another person withdraws.|173|related_to|source_asserted|OpenStax explicitly contrasts Simmel's two-member and three-member groups by withdrawal and the continuing relationships available.|groupsize|Checked two-member dependence; not claimed that all social consequences or obligations disappear when a dyad ends.
173|A triad is a three-person social group. Adding the third member creates possibilities unavailable in a dyad, including two-against-one coalitions and a majority view. If someone withdraws, the remaining pair can still interact, so the group's relationships are not all dependent on one uninterrupted two-person bond.|172|related_to|source_asserted|The group-size chapter explicitly contrasts triads with dyads through coalition possibilities and survival of a remaining pair.|groupsize|Checked coalition and withdrawal distinctions; a remaining pair is not inaccurately called a three-person triad.
174|A reference group supplies a standard people use to compare themselves with others. It need not be a group they actually belong to: admired athletes or an older sibling's friends may serve that role. Several reference groups can matter at once and convey competing expectations.|175|related_to|source_asserted|The source explicitly links reference groups with comparisons that guide behavior and establish social norms.|grouptypes;norms|Checked comparison versus membership and multiple competing groups; no assumption that a reference group is necessarily beneficial or deliberately chosen.
175|Social norms are shared expectations about conduct. Some are written and formally enforced, while others are learned through observation and everyday reactions. A person's behavior can follow a norm even without an official watching, because approval, disapproval, and anticipated consequences also help sustain expectations.|176|related_to|source_asserted|The social-reality chapter explicitly defines institutionalization through establishing conventions or norms within society.|norms;socialreality|Checked formal/informal expectations and social reactions; norms are distinguished from ideals and from a claim that everyone always complies.
176|Institutionalization establishes a convention or norm as a durable part of social life. A school functions as more than a building because people recognize roles and shared expectations around it. Those arrangements can predate current participants, showing how socially created institutions can still have real consequences.|175|related_to|source_asserted|The source directly describes institutionalization as establishing conventions or norms and illustrates it with a school.|socialreality;norms|Checked school example and persistence through shared recognition; not equated with any building, any formal organization, or putting a person into residential care.
177|An ascribed status is a social position assigned without the person's choosing it, such as being someone's child. The status comes with expectations and relationships. It describes how the position is acquired, which is different from the behavior people perform while occupying that position.|178|related_to|source_asserted|The roles-and-status passage explicitly contrasts ascribed positions with achieved ones and separates status from expected role behavior.|socialreality|Checked acquisition without choice and child example; no inference about an individual's worth, ability or immutable destiny.
178|An achieved status is a social position acquired through activity or choice, such as becoming a nurse. The term distinguishes its route of acquisition from an ascribed position. Status names the position; role describes the patterns of behavior expected of someone who holds it.|177|related_to|source_asserted|The source directly presents achieved and ascribed statuses as contrasting acquisition categories, alongside the status/role distinction.|socialreality|Checked nurse example and position-versus-behavior distinction; not claimed that achieved outcomes reflect effort alone or equal opportunity.
179|A role-set is the array of role relationships attached to a particular social status. Being a student, for example, involves more than one expectation or relationship. The concept differs from simply listing all the separate statuses a person holds, such as student, worker, and family member.|180|related_to|editorial|A role-set organizes expectations attached to one status, while role conflict concerns incompatible demands; the concepts address different structural and experiential questions.|socialreality|Checked Merton's single-status role-set definition; did not imply that having several attached roles necessarily creates conflict.
180|Role conflict occurs when obligations associated with different roles pull in incompatible directions. A parent may need to collect a sick child while an employer expects work on a deadline. The problem concerns competing roles, rather than only having too many demands inside one role.|181|related_to|source_asserted|The textbook explicitly contrasts parent-worker role conflict with strain arising from demands within a single role.|socialreality|Checked cross-role incompatibility and parent/work example; preserved the existing identity and distinction from role strain.
181|Role strain arises when the demands inside a single role become difficult to satisfy together. Parenting, for example, includes care, organization, transport, and guidance. A person can experience that pressure without also holding a conflicting job role, which distinguishes strain from conflict between separate roles.|180|related_to|source_asserted|The source explicitly defines within-role strain and contrasts it with incompatible obligations across multiple roles.|socialreality|Checked single-role pressure and multiple parenting duties; preserved the prior card's sense rather than merging it with role conflict.
182|Collective behavior involves group activity that is not governed through an established institution's rules. Crowds, dispersed publics, and shared fashions can take different forms. Studying these episodes does not require assuming that participants lose reason; sociological theories also examine coordination, interpretation, and newly developing norms.|183|related_to|source_asserted|The collective-behavior chapter directly introduces emergent-norm theory as one framework for understanding these activities without assuming irrational crowds.|collective|Checked noninstitutionalized activity and variety of forms; no claim that all gatherings lack organization or have identical motives.
183|Emergent norm theory explains crowd behavior through guidelines that participants develop in unfamiliar situations. People bring prior expectations, interact, and may accept new ways of acting as circumstances change. The theory treats crowds as more than irrational masses, while leaving questions about how norms spread and gain acceptance.|175|related_to|source_asserted|The source explicitly makes changing and newly established norms central to the emergent-norm account of crowds.|collective;norms|Checked explanatory status and the source's unresolved acceptance/spread questions; the theory is not presented as a universally established causal law.
184|Smelser's value-added theory analyzes collective behavior through a proposed combination of conditions, including structural strain, a shared interpretation, and a precipitating event. It asks what makes an episode possible and mobilizes action. The name refers to an explanatory sociological framework, rather than economic value added or a numerical prediction formula.|182|related_to|source_asserted|The chapter explicitly presents Smelser's conditions as a theoretical account of collective-behavior episodes.|collective|Checked named theory and selected conditions; qualification preserves that these are proposed explanatory requirements rather than a validated universal checklist.
185|The assembling perspective examines what people in crowds actually do: gather, orient together, move, speak, or manipulate objects. It shifts attention toward component actions and the lifecycle of gatherings. This makes coordination observable, though critics argue that focusing so closely on actions can miss wider cultural context.|182|related_to|source_asserted|The chapter explicitly presents McPhail's assembling perspective as a process-focused approach to collective behavior and notes its contextual limitation.|collective|Checked component examples, gathering lifecycle and criticism; not portrayed as evidence that every crowd has one mind or one shared purpose.
186|Resource mobilization theory explains social movements partly through their ability to obtain time, money, and participants. Grievances alone do not describe the practical work of organizing transport, meetings, or sustained action. The perspective directs attention to the resources and connections that make collective efforts possible.|187|related_to|editorial|Resource mobilization concerns practical capacity, whereas frame alignment concerns shared interpretations and goals; the source presents both as distinct movement perspectives.|movements|Checked resource definitions and organizing examples; no claim that more money automatically guarantees movement success or that interpretation is irrelevant.
187|Frame alignment connects a movement's interpretations and goals with potential participants or allied groups. Shared concerns may be bridged, emphasized, extended, or transformed to support cooperation. The concept focuses on how people understand an issue and their relationship to it, rather than only counting the movement's resources.|186|related_to|editorial|Comparing interpretive alignment with resource acquisition distinguishes two ways the source analyzes collective organizing.|movements|Checked the four named alignment processes and audience/goal connection; not reduced to organizational merger alone or asserted as a guarantee of recruitment.
188|Conversational turn-taking coordinates who speaks and when. Listeners often prepare a response before the current speaker finishes, and experiments with conversation fragments show that people can anticipate endings. The process therefore involves more than reacting to silence after every turn, although laboratory tasks do not reproduce all of conversation.|189|related_to|source_asserted|The research paper explicitly relates turn anticipation to possible completion points called transition-relevance places.|turnanticipation|Checked anticipation experiments and their button-press/task limitation; not claimed that every natural transition is fully predicted or governed by syntax alone.
189|A transition-relevance place is a point where a conversational turn could be complete and speaker change becomes possible. The current speaker may select someone, another participant may begin, or the speaker may continue. It is an opportunity for transition, rather than an automatic instruction that the turn must end.|188|facet_of|source_asserted|The paper explicitly defines transition-relevance places and summarizes the three turn-allocation possibilities in the turn-taking model.|turnanticipation|Checked possible completion and optional transition; a pause is not automatically classified as a completed conversational turn.
190|An adjacency pair links two conversational actions, such as a question and its answer or an invitation and its response. Once the first action occurs, a particular kind of second action becomes relevant. An appropriate response can also show whether the listener understood what the first speaker meant.|195|related_to|source_asserted|Clark and Brennan explicitly discuss relevant second actions as positive evidence of understanding within grounding.|grounding|Checked conditional relevance and understanding evidence; no claim that paired actions must be physically consecutive without inserted clarification.
191|Other-initiated repair occurs when a listener signals trouble with someone else's message and the original speaker helps resolve it. The response may repeat words, clarify a missing detail, or confirm an interpretation. This creates a brief collaborative detour that repairs understanding before the conversation proceeds.|195|related_to|editorial|Repair makes a breakdown explicit, while grounding also includes routine evidence of understanding; the two sources support their connection without making them equivalent.|repair;grounding|Checked initiator/solution sequence and alternative repair operations; the observed mechanisms are not generalized into claims about every language without qualification.
192|An open repair request signals that something in the previous message was unclear without identifying the troublesome part. A brief Huh? is one example. Because the speaker receives little information about the problem, resolving it may require repeating or reformulating more of the earlier utterance.|191|facet_of|source_asserted|The repair study explicitly defines open requests as one of three functionally distinct other-initiated repair types and describes their response patterns.|repair|Checked unspecified trouble and qualified longer/repeated response tendency; not treated as interchangeable with a targeted question.
193|A restricted repair request identifies a particular part of a message that needs clarification. Asking Who? narrows the trouble to a person reference instead of rejecting the whole utterance. This gives the original speaker a more focused task, such as specifying the missing identity or repeating that component.|191|facet_of|source_asserted|The study explicitly defines restricted requests through targeted specification or clarification of a component of the prior turn.|repair|Checked targeted slot and request format; unlike a restricted offer, it does not already supply a proposed interpretation for confirmation.
194|Candidate-understanding repair offers a possible interpretation and asks the original speaker to confirm or correct it. Repeating a guessed phrase with questioning intonation can make the proposed solution explicit. The task differs from simply asking for clarification: the speaker can often resolve the trouble with a short confirmation.|191|facet_of|source_asserted|The study's restricted-offer category explicitly proposes a candidate understanding and invites confirmation, distinguishing it from both request types.|repair|Checked proposed interpretation and short-confirmation tendency; no assumption that the candidate is correct or confirmation is always sufficient.
195|Grounding in communication is the collaborative work of establishing that a message has been understood well enough for the current purpose. Saying words is not sufficient by itself: listeners provide evidence through responses or acknowledgments. The required level of understanding can change with the task and medium.|196|related_to|source_asserted|Clark and Brennan explicitly describe grounding as the process by which contributions become part of common ground.|grounding|Checked mutual evidence and current-purpose criterion; grounding does not demand perfect understanding or agreement with every proposition.
196|Common ground consists of knowledge, beliefs, and assumptions participants take to be mutually shared. It gives them a starting point for coordination, but is updated as they communicate. Two people separately knowing the same fact is not automatically the same as recognizing it as shared between them.|195|related_to|source_asserted|The source explicitly defines common ground and explains how grounding updates it during interaction.|grounding|Checked mutual-recognition requirement and updating; common ground is distinct from private knowledge and from the process that establishes it.
197|A conversational acknowledgment gives brief evidence that a listener is following or understanding, often without taking the speaking turn. Responses such as yeah or a head nod can serve this function. Their role is feedback within coordination, rather than necessarily endorsing the truth of everything the speaker says.|195|facet_of|source_asserted|The grounding chapter explicitly lists acknowledgments and head nods as positive evidence of understanding, generally without taking a turn.|grounding|Checked brief verbal/gestural evidence and turn status; understanding is not equated with agreement or complete comprehension of every detail.
198|The principle of least collaborative effort proposes that conversational partners minimize their combined work through mutual acceptance of a contribution. A perfectly prepared utterance is not always cheapest overall. A shorter presentation followed by a quick clarification may require less total effort than preventing every possible misunderstanding in advance.|195|related_to|source_asserted|Clark and Brennan explicitly introduce the joint-effort principle to explain grounding choices, repairs and differences across media.|grounding|Checked combined rather than speaker-only effort and completion through acceptance; this is an explanatory principle, not a measured law of every conversation.
199|Reviewability is a communication medium's ability to leave messages available for the recipient to inspect again. Written or recorded messages can support checking details that ordinary unrecorded speech leaves behind only briefly. This changes the effort needed for grounding, and differs from the sender's ability to revise before sending.|195|related_to|source_asserted|The chapter explicitly identifies reviewability as a medium constraint that changes available grounding techniques and their costs.|grounding|Checked recipient reinspection versus sender revisability; ordinary speech is qualified as unrecorded, and no medium is assumed perfectly persistent.
200|Impression management concerns how people present themselves through behavior, surroundings, and visible cues. Goffman's theatrical analogy highlights how different settings invite different performances; a judge's robe and courtroom props help shape expectations. The process need not imply deliberate deception or a completely invented identity.|161|related_to|editorial|Goffman's interactional account offers a specific sociological lens on how settings and shared expectations shape everyday encounters.|socialreality;sociology|Checked dramaturgical presentation and courtroom example; not equated with research-demand bias or assumed to be conscious manipulation in every case.
